年度,地域コード,都道府県,総人口,男性総人口,女性総人口,日本人人口,日本人男性人口,日本人女性人口
2017,R01000,北海道,5320000,2506000,2814000,5292000,2494000,2797000
2016,R01000,北海道,5352000,2521000,2830000,5327000,2511000,2816000
2015,R01000,北海道,5381733,2537089,2844644,5348768,2522980,2825788
2014,R01000,北海道,5410000,2551000,2859000,5390000,2543000,2847000
2013,R01000,北海道,5438000,2565000,2873000,5419000,2558000,2861000
2012,R01000,北海道,5465000,2580000,2886000,5446000,2572000,2874000
2011,R01000,北海道,5488000,2593000,2896000,5470000,2585000,2884000
2010,R01000,北海道,5506419,2603345,2903074,5482650,2593193,2889457
2009,R01000,北海道,5524000,2612000,2911000,5506000,2605000,2901000
2008,R01000,北海道,5548000,2626000,2922000,5530000,2619000,2911000
2007,R01000,北海道,5579000,2644000,2935000,5562000,2637000,2925000
2006,R01000,北海道,5605000,2661000,2944000,5589000,2654000,2935000
2017,R02000,青森県,1278000,600000,678000,1274000,599000,675000
2016,R02000,青森県,1293000,608000,686000,1290000,606000,683000
2015,R02000,青森県,1308265,614694,693571,1302132,612113,690019
2014,R02000,青森県,1323000,622000,701000,1320000,620000,699000
2013,R02000,青森県,1337000,628000,708000,1334000,627000,706000
2012,R02000,青森県,1350000,635000,716000,1347000,634000,714000
2011,R02000,青森県,1363000,641000,722000,1360000,640000,720000
2010,R02000,青森県,1373339,646141,727198,1367057,643407,723650
2009,R02000,青森県,1383000,651000,732000,1380000,650000,730000
2008,R02000,青森県,1395000,657000,738000,1392000,656000,736000
2007,R02000,青森県,1409000,664000,745000,1405000,663000,742000
2006,R02000,青森県,1424000,672000,752000,1420000,671000,749000
2017,R03000,岩手県,1255000,604000,651000,1249000,602000,647000
2016,R03000,岩手県,1268000,610000,658000,1263000,609000,654000
2015,R03000,岩手県,1279594,615584,664010,1272745,613118,659627
2014,R03000,岩手県,1290000,620000,670000,1285000,618000,667000
2013,R03000,岩手県,1299000,623000,676000,1294000,621000,672000
2012,R03000,岩手県,1306000,625000,680000,1302000,624000,677000
2011,R03000,岩手県,1315000,628000,686000,1310000,627000,683000
2010,R03000,岩手県,1330147,634971,695176,1322417,632252,690165
2009,R03000,岩手県,1340000,640000,700000,1335000,638000,697000
2008,R03000,岩手県,1352000,646000,706000,1346000,644000,702000
2007,R03000,岩手県,1364000,652000,712000,1359000,651000,708000
2006,R03000,岩手県,1375000,658000,717000,1370000,657000,713000
2017,R04000,宮城県,2323000,1136000,1188000,2305000,1127000,1178000
2016,R04000,宮城県,2330000,1139000,1191000,2314000,1131000,1182000
2015,R04000,宮城県,2333899,1140167,1193732,2291508,1119800,1171708
2014,R04000,宮城県,2335000,1140000,1195000,2322000,1134000,1188000
2013,R04000,宮城県,2333000,1138000,1196000,2322000,1133000,1189000
2012,R04000,宮城県,2329000,1134000,1195000,2319000,1130000,1189000
2011,R04000,宮城県,2326000,1130000,1196000,2314000,1125000,1189000
2010,R04000,宮城県,2348165,1139566,1208599,2325744,1128713,1197031
2009,R04000,宮城県,2348000,1139000,1208000,2336000,1135000,1201000
2008,R04000,宮城県,2349000,1140000,1209000,2338000,1136000,1202000
2007,R04000,宮城県,2354000,1144000,1210000,2342000,1139000,1203000
2006,R04000,宮城県,2358000,1147000,1211000,2346000,1142000,1204000
2017,R05000,秋田県,996000,468000,528000,992000,467000,526000
2016,R05000,秋田県,1010000,474000,536000,1007000,473000,533000
2015,R05000,秋田県,1023119,480336,542783,1017149,478034,539115
2014,R05000,秋田県,1037000,487000,550000,1034000,486000,548000
2013,R05000,秋田県,1050000,493000,557000,1047000,492000,555000
2012,R05000,秋田県,1063000,499000,564000,1060000,498000,562000
2011,R05000,秋田県,1075000,505000,570000,1072000,504000,568000
2010,R05000,秋田県,1085997,509926,576071,1078608,507085,571523
2009,R05000,秋田県,1097000,515000,581000,1093000,514000,579000
2008,R05000,秋田県,1109000,521000,587000,1105000,520000,585000
2007,R05000,秋田県,1121000,528000,593000,1118000,527000,591000
2006,R05000,秋田県,1134000,535000,599000,1131000,534000,597000
2017,R06000,山形県,1102000,531000,571000,1095000,529000,567000
2016,R06000,山形県,1113000,536000,578000,1107000,534000,573000
2015,R06000,山形県,1123891,540226,583665,1116752,538070,578682
2014,R06000,山形県,1134000,545000,589000,1129000,543000,585000
2013,R06000,山形県,1144000,549000,595000,1138000,548000,590000
2012,R06000,山形県,1153000,554000,600000,1148000,552000,596000
2011,R06000,山形県,1162000,558000,604000,1156000,556000,600000
2010,R06000,山形県,1168924,560643,608281,1161087,558447,602640
2009,R06000,山形県,1178000,565000,613000,1172000,564000,608000
2008,R06000,山形県,1188000,570000,618000,1181000,569000,613000
2007,R06000,山形県,1198000,575000,623000,1191000,574000,618000
2006,R06000,山形県,1207000,580000,627000,1201000,579000,622000
2017,R07000,福島県,1882000,932000,951000,1871000,927000,944000
2016,R07000,福島県,1901000,941000,960000,1891000,937000,954000
2015,R07000,福島県,1914039,945660,968379,1898880,939391,959489
2014,R07000,福島県,1927000,948000,979000,1919000,946000,974000
2013,R07000,福島県,1940000,951000,989000,1933000,948000,984000
2012,R07000,福島県,1957000,956000,1001000,1950000,954000,996000
2011,R07000,福島県,1988000,968000,1020000,1979000,965000,1014000
2010,R07000,福島県,2029064,984682,1044382,2012016,977468,1034548
2009,R07000,福島県,2041000,990000,1051000,2031000,987000,1044000
2008,R07000,福島県,2054000,997000,1057000,2044000,994000,1050000
2007,R07000,福島県,2067000,1004000,1063000,2058000,1001000,1057000
2006,R07000,福島県,2080000,1011000,1069000,2070000,1008000,1063000
2017,R08000,茨城県,2892000,1442000,1450000,2847000,1420000,1427000
2016,R08000,茨城県,2905000,1448000,1457000,2861000,1427000,1435000
2015,R08000,茨城県,2916976,1453594,1463382,2862997,1428192,1434805
2014,R08000,茨城県,2927000,1458000,1469000,2887000,1439000,1448000
2013,R08000,茨城県,2937000,1464000,1474000,2899000,1446000,1453000
2012,R08000,茨城県,2947000,1469000,1478000,2910000,1452000,1459000
2011,R08000,茨城県,2960000,1475000,1485000,2920000,1457000,1464000
2010,R08000,茨城県,2969770,1479779,1489991,2922821,1457413,1465408
2009,R08000,茨城県,2970000,1479000,1490000,2929000,1460000,1469000
2008,R08000,茨城県,2971000,1479000,1492000,2929000,1460000,1470000
2007,R08000,茨城県,2973000,1480000,1493000,2934000,1461000,1473000
2006,R08000,茨城県,2974000,1480000,1494000,2936000,1462000,1474000
2017,R09000,栃木県,1957000,974000,983000,1930000,962000,968000
2016,R09000,栃木県,1966000,978000,988000,1939000,965000,973000
2015,R09000,栃木県,1974255,981626,992629,1927885,962176,965709
2014,R09000,栃木県,1980000,984000,996000,1955000,973000,982000
2013,R09000,栃木県,1986000,986000,1000000,1962000,976000,986000
2012,R09000,栃木県,1992000,989000,1003000,1968000,979000,989000
2011,R09000,栃木県,2000000,993000,1007000,1975000,982000,993000
2010,R09000,栃木県,2007683,996855,1010828,1964917,976919,987998
2009,R09000,栃木県,2011000,999000,1012000,1983000,986000,997000
2008,R09000,栃木県,2015000,1001000,1014000,1986000,988000,998000
2007,R09000,栃木県,2016000,1002000,1014000,1989000,989000,999000
2006,R09000,栃木県,2016000,1002000,1015000,1990000,989000,1000000
2017,R10000,群馬県,1960000,968000,992000,1913000,945000,969000
2016,R10000,群馬県,1967000,971000,996000,1926000,950000,975000
2015,R10000,群馬県,1973115,973283,999832,1930380,952638,977742
2014,R10000,群馬県,1979000,975000,1004000,1945000,959000,986000
2013,R10000,群馬県,1986000,978000,1008000,1953000,963000,990000
2012,R10000,群馬県,1994000,982000,1012000,1961000,967000,994000
2011,R10000,群馬県,2001000,985000,1016000,1967000,969000,998000
2010,R10000,群馬県,2008068,988019,1020049,1964136,967096,997040
2009,R10000,群馬県,2014000,991000,1023000,1976000,973000,1003000
2008,R10000,群馬県,2017000,993000,1024000,1979000,975000,1005000
2007,R10000,群馬県,2020000,994000,1025000,1983000,976000,1007000
2006,R10000,群馬県,2022000,996000,1026000,1987000,978000,1009000
2017,R11000,埼玉県,7310000,3648000,3662000,7174000,3582000,3592000
2016,R11000,埼玉県,7289000,3639000,3651000,7169000,3581000,3587000
2015,R11000,埼玉県,7266534,3628418,3638116,7111168,3553767,3557401
2014,R11000,埼玉県,7247000,3621000,3626000,7151000,3579000,3572000
2013,R11000,埼玉県,7228000,3614000,3614000,7140000,3576000,3564000
2012,R11000,埼玉県,7216000,3612000,3604000,7130000,3574000,3555000
2011,R11000,埼玉県,7209000,3612000,3597000,7119000,3573000,3546000
2010,R11000,埼玉県,7194556,3608711,3585845,7054944,3540768,3514176
2009,R11000,埼玉県,7161000,3597000,3565000,7074000,3557000,3516000
2008,R11000,埼玉県,7136000,3588000,3549000,7044000,3546000,3499000
2007,R11000,埼玉県,7106000,3576000,3530000,7020000,3536000,3484000
2006,R11000,埼玉県,7079000,3564000,3515000,6997000,3526000,3471000
2017,R12000,千葉県,6246000,3103000,3143000,6141000,3056000,3084000
2016,R12000,千葉県,6236000,3099000,3136000,6137000,3056000,3081000
2015,R12000,千葉県,6222666,3095860,3126806,6047216,3010553,3036663
2014,R12000,千葉県,6209000,3089000,3119000,6125000,3054000,3071000
2013,R12000,千葉県,6201000,3085000,3116000,6123000,3053000,3070000
2012,R12000,千葉県,6200000,3087000,3113000,6125000,3056000,3069000
2011,R12000,千葉県,6217000,3097000,3120000,6138000,3064000,3073000
2010,R12000,千葉県,6216289,3098139,3118150,6023584,3008746,3014838
2009,R12000,千葉県,6180000,3083000,3097000,6104000,3051000,3053000
2008,R12000,千葉県,6153000,3071000,3082000,6072000,3036000,3036000
2007,R12000,千葉県,6119000,3056000,3063000,6041000,3021000,3019000
2006,R12000,千葉県,6084000,3041000,3043000,6010000,3008000,3002000
2017,R13000,東京都,13724000,6760000,6964000,13273000,6538000,6735000
2016,R13000,東京都,13624000,6717000,6907000,13207000,6514000,6693000
2015,R13000,東京都,13515271,6666690,6848581,12948463,6388206,6560257
2014,R13000,東京都,13399000,6612000,6788000,13049000,6447000,6602000
2013,R13000,東京都,13307000,6569000,6738000,12983000,6419000,6563000
2012,R13000,東京都,13234000,6538000,6697000,12918000,6392000,6526000
2011,R13000,東京都,13198000,6524000,6674000,12870000,6373000,6497000
2010,R13000,東京都,13159388,6512110,6647278,12623619,6253238,6370381
2009,R13000,東京都,13048000,6471000,6577000,12746000,6329000,6416000
2008,R13000,東京都,12973000,6444000,6529000,12665000,6296000,6369000
2007,R13000,東京都,12848000,6388000,6461000,12563000,6250000,6313000
2006,R13000,東京都,12704000,6322000,6382000,12443000,6196000,6247000
2017,R14000,神奈川県,9159000,4569000,4590000,8989000,4486000,4502000
2016,R14000,神奈川県,9145000,4565000,4580000,8986000,4489000,4497000
2015,R14000,神奈川県,9126214,4558978,4567236,8887304,4437047,4450257
2014,R14000,神奈川県,9103000,4551000,4552000,8967000,4489000,4478000
2013,R14000,神奈川県,9084000,4546000,4538000,8956000,4487000,4468000
2012,R14000,神奈川県,9070000,4544000,4526000,8946000,4488000,4458000
2011,R14000,神奈川県,9060000,4544000,4516000,8934000,4487000,4448000
2010,R14000,神奈川県,9048331,4544545,4503786,8846903,4442940,4403963
2009,R14000,神奈川県,9006000,4533000,4473000,8880000,4474000,4406000
2008,R14000,神奈川県,8965000,4519000,4446000,8833000,4456000,4377000
2007,R14000,神奈川県,8912000,4497000,4415000,8786000,4436000,4350000
2006,R14000,神奈川県,8846000,4467000,4379000,8727000,4409000,4317000
2017,R15000,新潟県,2267000,1098000,1169000,2253000,1093000,1160000
2016,R15000,新潟県,2286000,1107000,1179000,2273000,1102000,1171000
2015,R15000,新潟県,2304264,1115413,1188851,2289345,1109570,1179775
2014,R15000,新潟県,2320000,1123000,1198000,2309000,1119000,1190000
2013,R15000,新潟県,2336000,1130000,1206000,2325000,1126000,1199000
2012,R15000,新潟県,2350000,1137000,1214000,2339000,1133000,1206000
2011,R15000,新潟県,2364000,1143000,1221000,2353000,1139000,1213000
2010,R15000,新潟県,2374450,1148236,1226214,2355361,1140086,1215275
2009,R15000,新潟県,2385000,1153000,1232000,2373000,1149000,1224000
2008,R15000,新潟県,2396000,1159000,1237000,2384000,1154000,1230000
2007,R15000,新潟県,2408000,1165000,1243000,2397000,1160000,1236000
2006,R15000,新潟県,2420000,1171000,1249000,2409000,1167000,1242000
2017,R16000,富山県,1056000,511000,544000,1043000,505000,537000
2016,R16000,富山県,1061000,513000,548000,1049000,508000,541000
2015,R16000,富山県,1066328,515147,551181,1052353,509212,543141
2014,R16000,富山県,1072000,517000,554000,1061000,513000,548000
2013,R16000,富山県,1077000,520000,558000,1067000,516000,551000
2012,R16000,富山県,1083000,523000,561000,1073000,518000,555000
2011,R16000,富山県,1088000,525000,564000,1078000,520000,557000
2010,R16000,富山県,1093247,526605,566642,1078898,520393,558505
2009,R16000,富山県,1098000,529000,569000,1085000,523000,562000
2008,R16000,富山県,1103000,532000,571000,1090000,526000,564000
2007,R16000,富山県,1107000,534000,573000,1094000,528000,566000
2006,R16000,富山県,1110000,535000,575000,1099000,530000,569000
2017,R17000,石川県,1147000,556000,591000,1136000,550000,586000
2016,R17000,石川県,1151000,557000,594000,1140000,552000,588000
2015,R17000,石川県,1154008,558589,595419,1138322,550939,587383
2014,R17000,石川県,1157000,560000,597000,1148000,556000,592000
2013,R17000,石川県,1160000,561000,599000,1151000,557000,594000
2012,R17000,石川県,1164000,562000,601000,1155000,558000,596000
2011,R17000,石川県,1167000,564000,603000,1157000,559000,598000
2010,R17000,石川県,1169788,564972,604816,1154833,557425,597408
2009,R17000,石川県,1171000,565000,605000,1160000,561000,600000
2008,R17000,石川県,1172000,566000,606000,1162000,561000,601000
2007,R17000,石川県,1173000,566000,606000,1163000,562000,602000
2006,R17000,石川県,1173000,566000,607000,1165000,562000,602000
2017,R18000,福井県,779000,378000,401000,767000,373000,394000
2016,R18000,福井県,782000,380000,403000,772000,376000,397000
2015,R18000,福井県,786740,381474,405266,774337,376236,398101
2014,R18000,福井県,791000,383000,408000,782000,380000,402000
2013,R18000,福井県,796000,385000,410000,786000,381000,404000
2012,R18000,福井県,800000,387000,412000,790000,383000,407000
2011,R18000,福井県,803000,389000,415000,793000,385000,409000
2010,R18000,福井県,806314,389712,416602,791396,383033,408363
2009,R18000,福井県,810000,391000,418000,798000,387000,412000
2008,R18000,福井県,814000,394000,420000,801000,388000,413000
2007,R18000,福井県,817000,395000,422000,805000,390000,415000
2006,R18000,福井県,820000,396000,423000,808000,392000,416000
2017,R19000,山梨県,823000,403000,421000,811000,398000,414000
2016,R19000,山梨県,830000,406000,424000,818000,401000,417000
2015,R19000,山梨県,834930,408327,426603,819205,401381,417824
2014,R19000,山梨県,841000,411000,430000,830000,407000,423000
2013,R19000,山梨県,847000,414000,433000,836000,409000,426000
2012,R19000,山梨県,852000,417000,435000,841000,412000,429000
2011,R19000,山梨県,857000,420000,438000,846000,415000,431000
2010,R19000,山梨県,863075,422526,440549,848421,415988,432433
2009,R19000,山梨県,867000,424000,443000,854000,419000,435000
2008,R19000,山梨県,871000,426000,445000,857000,420000,437000
2007,R19000,山梨県,877000,430000,447000,863000,424000,440000
2006,R19000,山梨県,880000,431000,449000,867000,426000,442000
2017,R20000,長野県,2076000,1012000,1064000,2047000,999000,1047000
2016,R20000,長野県,2088000,1017000,1071000,2060000,1005000,1055000
2015,R20000,長野県,2098804,1022129,1076675,2067713,1009023,1058690
2014,R20000,長野県,2110000,1027000,1083000,2084000,1016000,1068000
2013,R20000,長野県,2122000,1033000,1090000,2095000,1021000,1074000
2012,R20000,長野県,2132000,1037000,1095000,2107000,1027000,1080000
2011,R20000,長野県,2142000,1042000,1101000,2115000,1030000,1085000
2010,R20000,長野県,2152449,1046178,1106271,2119073,1031822,1087251
2009,R20000,長野県,2162000,1051000,1111000,2129000,1037000,1092000
2008,R20000,長野県,2173000,1056000,1116000,2138000,1041000,1097000
2007,R20000,長野県,2182000,1061000,1121000,2147000,1046000,1101000
2006,R20000,長野県,2189000,1065000,1124000,2155000,1050000,1105000
2017,R21000,岐阜県,2008000,973000,1035000,1970000,956000,1014000
2016,R21000,岐阜県,2022000,979000,1043000,1985000,963000,1022000
2015,R21000,岐阜県,2031903,983850,1048053,1989980,965283,1024697
2014,R21000,岐阜県,2043000,989000,1054000,2008000,974000,1034000
2013,R21000,岐阜県,2053000,994000,1059000,2018000,979000,1039000
2012,R21000,岐阜県,2062000,998000,1064000,2029000,984000,1045000
2011,R21000,岐阜県,2071000,1003000,1069000,2038000,988000,1049000
2010,R21000,岐阜県,2080773,1006247,1074526,2037175,986976,1050199
2009,R21000,岐阜県,2091000,1012000,1079000,2049000,993000,1056000
2008,R21000,岐阜県,2100000,1017000,1083000,2056000,997000,1059000
2007,R21000,岐阜県,2104000,1018000,1085000,2061000,999000,1062000
2006,R21000,岐阜県,2105000,1019000,1086000,2066000,1001000,1064000
2017,R22000,静岡県,3675000,1810000,1866000,3605000,1776000,1828000
2016,R22000,静岡県,3688000,1815000,1872000,3623000,1785000,1838000
2015,R22000,静岡県,3700305,1820993,1879312,3626991,1786265,1840726
2014,R22000,静岡県,3715000,1828000,1886000,3656000,1801000,1855000
2013,R22000,静岡県,3730000,1836000,1894000,3672000,1809000,1863000
2012,R22000,静岡県,3739000,1841000,1898000,3686000,1816000,1870000
2011,R22000,静岡県,3752000,1847000,1904000,3695000,1820000,1875000
2010,R22000,静岡県,3765007,1853952,1911055,3688016,1816134,1871882
2009,R22000,静岡県,3783000,1864000,1919000,3711000,1829000,1882000
2008,R22000,静岡県,3793000,1870000,1923000,3716000,1832000,1884000
2007,R22000,静岡県,3796000,1872000,1924000,3719000,1833000,1887000
2006,R22000,静岡県,3795000,1871000,1924000,3720000,1832000,1888000
2017,R23000,愛知県,7525000,3764000,3761000,7328000,3668000,3659000
2016,R23000,愛知県,7507000,3755000,3752000,7324000,3667000,3657000
2015,R23000,愛知県,7483128,3740844,3742284,7260847,3634844,3626003
2014,R23000,愛知県,7464000,3729000,3734000,7303000,3655000,3648000
2013,R23000,愛知県,7449000,3722000,3727000,7293000,3650000,3643000
2012,R23000,愛知県,7431000,3713000,3718000,7279000,3643000,3636000
2011,R23000,愛知県,7418000,3707000,3712000,7263000,3634000,3629000
2010,R23000,愛知県,7410719,3704220,3706499,7174451,3587216,3587235
2009,R23000,愛知県,7411000,3712000,3700000,7234000,3626000,3608000
2008,R23000,愛知県,7399000,3711000,3688000,7213000,3620000,3593000
2007,R23000,愛知県,7357000,3691000,3666000,7180000,3603000,3577000
2006,R23000,愛知県,7307000,3666000,3641000,7140000,3583000,3557000
2017,R24000,三重県,1800000,877000,923000,1763000,859000,904000
2016,R24000,三重県,1808000,880000,928000,1775000,864000,911000
2015,R24000,三重県,1815865,883516,932349,1776805,865150,911655
2014,R24000,三重県,1826000,888000,937000,1795000,874000,921000
2013,R24000,三重県,1833000,892000,941000,1803000,878000,925000
2012,R24000,三重県,1841000,896000,945000,1811000,882000,929000
2011,R24000,三重県,1847000,900000,948000,1817000,885000,932000
2010,R24000,三重県,1854724,903398,951326,1812500,881996,930504
2009,R24000,三重県,1864000,908000,956000,1826000,890000,936000
2008,R24000,三重県,1871000,912000,959000,1830000,892000,938000
2007,R24000,三重県,1873000,912000,961000,1833000,893000,940000
2006,R24000,三重県,1872000,910000,961000,1832000,891000,941000
2017,R25000,滋賀県,1413000,697000,716000,1390000,686000,705000
2016,R25000,滋賀県,1413000,697000,716000,1392000,686000,706000
2015,R25000,滋賀県,1412916,696941,715975,1386795,683979,702816
2014,R25000,滋賀県,1414000,698000,717000,1395000,688000,707000
2013,R25000,滋賀県,1415000,699000,717000,1395000,689000,707000
2012,R25000,滋賀県,1414000,698000,716000,1395000,689000,706000
2011,R25000,滋賀県,1413000,698000,715000,1393000,688000,705000
2010,R25000,滋賀県,1410777,696769,714008,1376541,678723,697818
2009,R25000,滋賀県,1409000,696000,713000,1384000,683000,700000
2008,R25000,滋賀県,1405000,695000,710000,1379000,681000,697000
2007,R25000,滋賀県,1398000,691000,707000,1372000,678000,694000
2006,R25000,滋賀県,1390000,687000,703000,1365000,674000,691000
2017,R26000,京都府,2599000,1242000,1357000,2551000,1219000,1331000
2016,R26000,京都府,2605000,1246000,1359000,2559000,1224000,1335000
2015,R26000,京都府,2610353,1248972,1361381,2533645,1213342,1320303
2014,R26000,京都府,2616000,1252000,1363000,2572000,1232000,1340000
2013,R26000,京都府,2622000,1256000,1366000,2578000,1236000,1342000
2012,R26000,京都府,2628000,1260000,1368000,2585000,1240000,1345000
2011,R26000,京都府,2633000,1263000,1370000,2590000,1243000,1347000
2010,R26000,京都府,2636092,1265387,1370705,2557625,1227067,1330558
2009,R26000,京都府,2637000,1266000,1371000,2594000,1246000,1348000
2008,R26000,京都府,2640000,1268000,1372000,2596000,1248000,1349000
2007,R26000,京都府,2643000,1270000,1373000,2598000,1248000,1349000
2006,R26000,京都府,2646000,1272000,1374000,2601000,1250000,1351000
2017,R27000,大阪府,8823000,4241000,4583000,8657000,4162000,4495000
2016,R27000,大阪府,8833000,4249000,4583000,8672000,4174000,4498000
2015,R27000,大阪府,8839469,4256049,4583420,8524530,4101504,4423026
2014,R27000,大阪府,8845000,4262000,4583000,8691000,4191000,4500000
2013,R27000,大阪府,8856000,4271000,4585000,8699000,4199000,4500000
2012,R27000,大阪府,8861000,4277000,4584000,8703000,4204000,4499000
2011,R27000,大阪府,8863000,4281000,4582000,8702000,4207000,4495000
2010,R27000,大阪府,8865245,4285566,4579679,8584957,4149064,4435893
2009,R27000,大阪府,8855000,4284000,4571000,8685000,4204000,4480000
2008,R27000,大阪府,8847000,4283000,4564000,8674000,4202000,4473000
2007,R27000,大阪府,8839000,4282000,4557000,8664000,4199000,4465000
2006,R27000,大阪府,8828000,4281000,4547000,8654000,4198000,4456000
2017,R28000,兵庫県,5503000,2624000,2879000,5417000,2583000,2834000
2016,R28000,兵庫県,5520000,2633000,2887000,5438000,2594000,2844000
2015,R28000,兵庫県,5534800,2641561,2893239,5398880,2576313,2822567
2014,R28000,兵庫県,5550000,2650000,2900000,5473000,2614000,2859000
2013,R28000,兵庫県,5565000,2659000,2906000,5487000,2623000,2864000
2012,R28000,兵庫県,5575000,2665000,2910000,5499000,2630000,2869000
2011,R28000,兵庫県,5584000,2670000,2914000,5506000,2634000,2872000
2010,R28000,兵庫県,5588133,2673328,2914805,5459903,2609874,2850029
2009,R28000,兵庫県,5591000,2677000,2914000,5509000,2639000,2871000
2008,R28000,兵庫県,5592000,2678000,2914000,5509000,2639000,2870000
2007,R28000,兵庫県,5593000,2679000,2914000,5508000,2639000,2869000
2006,R28000,兵庫県,5592000,2679000,2913000,5508000,2639000,2869000
2017,R29000,奈良県,1348000,635000,712000,1338000,631000,707000
2016,R29000,奈良県,1356000,640000,717000,1347000,635000,712000
2015,R29000,奈良県,1364316,643946,720370,1351535,638330,713205
2014,R29000,奈良県,1373000,648000,724000,1364000,644000,719000
2013,R29000,奈良県,1381000,653000,728000,1372000,649000,723000
2012,R29000,奈良県,1388000,656000,732000,1379000,653000,727000
2011,R29000,奈良県,1395000,660000,735000,1386000,656000,730000
2010,R29000,奈良県,1400728,663321,737407,1386302,656315,729987
2009,R29000,奈良県,1404000,665000,738000,1395000,661000,733000
2008,R29000,奈良県,1407000,668000,740000,1398000,664000,735000
2007,R29000,奈良県,1413000,671000,742000,1403000,667000,737000
2006,R29000,奈良県,1417000,673000,743000,1408000,669000,739000
2017,R30000,和歌山県,945000,444000,501000,939000,442000,497000
2016,R30000,和歌山県,954000,449000,505000,949000,447000,502000
2015,R30000,和歌山県,963579,453216,510363,956199,450243,505956
2014,R30000,和歌山県,972000,457000,515000,968000,456000,512000
2013,R30000,和歌山県,980000,461000,519000,976000,460000,516000
2012,R30000,和歌山県,988000,465000,524000,984000,463000,521000
2011,R30000,和歌山県,995000,468000,527000,991000,466000,524000
2010,R30000,和歌山県,1002198,471397,530801,992144,466764,525380
2009,R30000,和歌山県,1008000,474000,534000,1003000,472000,531000
2008,R30000,和歌山県,1014000,477000,537000,1009000,475000,534000
2007,R30000,和歌山県,1021000,480000,541000,1016000,479000,538000
2006,R30000,和歌山県,1029000,484000,545000,1024000,483000,541000
2017,R31000,鳥取県,565000,270000,295000,561000,269000,293000
2016,R31000,鳥取県,570000,272000,298000,566000,271000,295000
2015,R31000,鳥取県,573441,273705,299736,567993,271580,296413
2014,R31000,鳥取県,577000,275000,302000,573000,274000,299000
2013,R31000,鳥取県,580000,277000,303000,576000,276000,301000
2012,R31000,鳥取県,583000,278000,305000,580000,277000,303000
2011,R31000,鳥取県,586000,280000,306000,583000,279000,304000
2010,R31000,鳥取県,588667,280701,307966,582154,277961,304193
2009,R31000,鳥取県,592000,282000,310000,588000,281000,307000
2008,R31000,鳥取県,596000,284000,312000,592000,283000,309000
2007,R31000,鳥取県,601000,287000,314000,596000,285000,311000
2006,R31000,鳥取県,604000,289000,316000,600000,288000,313000
2017,R32000,島根県,685000,330000,355000,678000,326000,351000
2016,R32000,島根県,690000,331000,358000,684000,329000,355000
2015,R32000,島根県,694352,333112,361240,687180,329866,357314
2014,R32000,島根県,699000,335000,364000,694000,333000,361000
2013,R32000,島根県,704000,337000,367000,699000,335000,364000
2012,R32000,島根県,708000,339000,369000,704000,337000,366000
2011,R32000,島根県,713000,341000,372000,708000,339000,369000
2010,R32000,島根県,717397,342991,374406,708701,339266,369435
2009,R32000,島根県,721000,344000,377000,717000,343000,374000
2008,R32000,島根県,727000,347000,380000,722000,345000,377000
2007,R32000,島根県,733000,349000,383000,727000,347000,380000
2006,R32000,島根県,737000,351000,386000,733000,350000,383000
2017,R33000,岡山県,1907000,916000,991000,1888000,907000,980000
2016,R33000,岡山県,1915000,919000,996000,1896000,911000,985000
2015,R33000,岡山県,1921525,922226,999299,1885691,906580,979111
2014,R33000,岡山県,1926000,924000,1002000,1909000,917000,992000
2013,R33000,岡山県,1932000,927000,1005000,1915000,920000,995000
2012,R33000,岡山県,1937000,929000,1008000,1920000,922000,998000
2011,R33000,岡山県,1941000,931000,1010000,1923000,924000,1000000
2010,R33000,岡山県,1945276,933168,1012108,1912378,917186,995192
2009,R33000,岡山県,1949000,935000,1014000,1930000,927000,1003000
2008,R33000,岡山県,1953000,937000,1016000,1934000,929000,1005000
2007,R33000,岡山県,1956000,938000,1017000,1938000,931000,1007000
2006,R33000,岡山県,1956000,939000,1018000,1940000,931000,1008000
2017,R34000,広島県,2829000,1372000,1457000,2789000,1352000,1438000
2016,R34000,広島県,2837000,1375000,1462000,2799000,1356000,1443000
2015,R34000,広島県,2843990,1376211,1467779,2795626,1352494,1443132
2014,R34000,広島県,2846000,1376000,1471000,2814000,1361000,1453000
2013,R34000,広島県,2850000,1376000,1473000,2818000,1362000,1456000
2012,R34000,広島県,2855000,1379000,1476000,2824000,1365000,1459000
2011,R34000,広島県,2858000,1380000,1478000,2827000,1366000,1461000
2010,R34000,広島県,2860750,1380671,1480079,2795205,1348691,1446514
2009,R34000,広島県,2864000,1383000,1481000,2831000,1367000,1464000
2008,R34000,広島県,2870000,1386000,1483000,2836000,1370000,1466000
2007,R34000,広島県,2874000,1389000,1485000,2842000,1373000,1469000
2006,R34000,広島県,2875000,1389000,1486000,2845000,1375000,1470000
2017,R35000,山口県,1383000,655000,727000,1369000,649000,720000
2016,R35000,山口県,1394000,660000,734000,1381000,655000,727000
2015,R35000,山口県,1404729,665008,739721,1390689,658572,732117
2014,R35000,山口県,1415000,669000,746000,1404000,664000,740000
2013,R35000,山口県,1425000,673000,752000,1413000,668000,745000
2012,R35000,山口県,1434000,677000,757000,1423000,672000,751000
2011,R35000,山口県,1444000,681000,763000,1432000,676000,756000
2010,R35000,山口県,1451338,684176,767162,1436515,677146,759369
2009,R35000,山口県,1459000,688000,771000,1447000,682000,764000
2008,R35000,山口県,1466000,691000,775000,1454000,685000,769000
2007,R35000,山口県,1476000,695000,780000,1463000,690000,773000
2006,R35000,山口県,1484000,700000,785000,1472000,694000,778000
2017,R36000,徳島県,743000,354000,389000,739000,353000,386000
2016,R36000,徳島県,750000,357000,393000,746000,356000,390000
2015,R36000,徳島県,755733,359790,395943,747141,356356,390785
2014,R36000,徳島県,763000,363000,400000,759000,362000,397000
2013,R36000,徳島県,769000,366000,403000,765000,364000,400000
2012,R36000,徳島県,775000,368000,406000,771000,367000,404000
2011,R36000,徳島県,780000,370000,410000,776000,369000,407000
2010,R36000,徳島県,785491,372710,412781,776242,368861,407381
2009,R36000,徳島県,790000,375000,415000,786000,374000,412000
2008,R36000,徳島県,795000,377000,417000,791000,376000,415000
2007,R36000,徳島県,800000,380000,420000,796000,379000,418000
2006,R36000,徳島県,806000,382000,423000,801000,381000,420000
2017,R37000,香川県,967000,469000,499000,959000,464000,494000
2016,R37000,香川県,972000,471000,502000,964000,467000,497000
2015,R37000,香川県,976263,472308,503955,961844,465170,496674
2014,R37000,香川県,980000,474000,507000,974000,470000,503000
2013,R37000,香川県,985000,475000,510000,979000,473000,506000
2012,R37000,香川県,989000,477000,512000,982000,474000,508000
2011,R37000,香川県,992000,478000,513000,985000,475000,510000
2010,R37000,香川県,995842,479951,515891,981113,471815,509298
2009,R37000,香川県,999000,481000,518000,992000,478000,514000
2008,R37000,香川県,1003000,483000,520000,996000,479000,516000
2007,R37000,香川県,1006000,484000,522000,999000,481000,519000
2006,R37000,香川県,1009000,485000,524000,1003000,482000,521000
2017,R38000,愛媛県,1364000,645000,719000,1354000,640000,714000
2016,R38000,愛媛県,1375000,650000,725000,1366000,645000,721000
2015,R38000,愛媛県,1385262,654380,730882,1365508,645090,720418
2014,R38000,愛媛県,1396000,659000,737000,1388000,655000,733000
2013,R38000,愛媛県,1406000,663000,743000,1398000,659000,739000
2012,R38000,愛媛県,1415000,666000,749000,1408000,663000,745000
2011,R38000,愛媛県,1424000,670000,753000,1416000,667000,749000
2010,R38000,愛媛県,1431493,673326,758167,1415381,665610,749771
2009,R38000,愛媛県,1438000,676000,762000,1430000,673000,757000
2008,R38000,愛媛県,1445000,680000,765000,1437000,676000,761000
2007,R38000,愛媛県,1453000,684000,769000,1445000,680000,765000
2006,R38000,愛媛県,1460000,688000,773000,1453000,685000,768000
2017,R39000,高知県,714000,336000,377000,710000,334000,376000
2016,R39000,高知県,721000,339000,382000,718000,337000,380000
2015,R39000,高知県,728276,342672,385604,722728,339873,382855
2014,R39000,高知県,736000,346000,390000,732000,344000,388000
2013,R39000,高知県,743000,349000,394000,740000,348000,393000
2012,R39000,高知県,751000,352000,398000,748000,351000,397000
2011,R39000,高知県,758000,356000,402000,755000,354000,400000
2010,R39000,高知県,764456,359134,405322,758057,355830,402227
2009,R39000,高知県,769000,361000,408000,766000,359000,407000
2008,R39000,高知県,775000,364000,412000,772000,362000,410000
2007,R39000,高知県,783000,367000,415000,780000,366000,414000
2006,R39000,高知県,790000,371000,419000,787000,370000,417000
2017,R40000,福岡県,5107000,2415000,2692000,5051000,2386000,2665000
2016,R40000,福岡県,5104000,2413000,2692000,5054000,2387000,2667000
2015,R40000,福岡県,5101556,2410418,2691138,4995297,2357649,2637648
2014,R40000,福岡県,5099000,2409000,2691000,5053000,2386000,2667000
2013,R40000,福岡県,5096000,2406000,2690000,5052000,2385000,2667000
2012,R40000,福岡県,5089000,2402000,2687000,5048000,2383000,2665000
2011,R40000,福岡県,5081000,2399000,2683000,5040000,2379000,2661000
2010,R40000,福岡県,5071968,2393965,2678003,4986581,2350461,2636120
2009,R40000,福岡県,5064000,2391000,2672000,5024000,2373000,2652000
2008,R40000,福岡県,5062000,2393000,2670000,5021000,2372000,2648000
2007,R40000,福岡県,5061000,2395000,2666000,5021000,2375000,2646000
2006,R40000,福岡県,5057000,2396000,2661000,5018000,2377000,2641000
2017,R41000,佐賀県,824000,389000,434000,819000,387000,431000
2016,R41000,佐賀県,828000,391000,437000,824000,389000,435000
2015,R41000,佐賀県,832832,393073,439759,827702,391011,436691
2014,R41000,佐賀県,837000,395000,442000,834000,394000,440000
2013,R41000,佐賀県,841000,397000,445000,838000,395000,442000
2012,R41000,佐賀県,845000,398000,447000,841000,397000,444000
2011,R41000,佐賀県,847000,399000,448000,844000,398000,446000
2010,R41000,佐賀県,849788,400136,449652,843877,397529,446348
2009,R41000,佐賀県,853000,401000,451000,849000,400000,449000
2008,R41000,佐賀県,856000,403000,453000,853000,402000,451000
2007,R41000,佐賀県,860000,405000,455000,856000,404000,453000
2006,R41000,佐賀県,863000,406000,456000,859000,405000,454000
2017,R42000,長崎県,1354000,636000,718000,1346000,632000,714000
2016,R42000,長崎県,1367000,642000,725000,1358000,637000,721000
2015,R42000,長崎県,1377187,645763,731424,1365241,639685,725556
2014,R42000,長崎県,1387000,649000,738000,1381000,646000,735000
2013,R42000,長崎県,1397000,653000,744000,1392000,651000,741000
2012,R42000,長崎県,1408000,658000,750000,1403000,656000,747000
2011,R42000,長崎県,1418000,662000,756000,1412000,659000,752000
2010,R42000,長崎県,1426779,665899,760880,1414600,660342,754258
2009,R42000,長崎県,1434000,669000,765000,1427000,666000,761000
2008,R42000,長崎県,1443000,673000,770000,1437000,670000,766000
2007,R42000,長崎県,1455000,680000,776000,1449000,677000,772000
2006,R42000,長崎県,1467000,685000,782000,1461000,683000,779000
2017,R43000,熊本県,1765000,833000,933000,1754000,828000,926000
2016,R43000,熊本県,1774000,836000,938000,1765000,832000,933000
2015,R43000,熊本県,1786170,841046,945124,1771440,834781,936659
2014,R43000,熊本県,1795000,845000,950000,1787000,842000,945000
2013,R43000,熊本県,1801000,847000,954000,1794000,845000,949000
2012,R43000,熊本県,1807000,850000,958000,1800000,847000,953000
2011,R43000,熊本県,1813000,852000,961000,1805000,849000,956000
2010,R43000,熊本県,1817426,853514,963912,1798586,845166,953420
2009,R43000,熊本県,1821000,855000,966000,1813000,852000,961000
2008,R43000,熊本県,1826000,858000,968000,1819000,855000,963000
2007,R43000,熊本県,1832000,861000,971000,1824000,858000,966000
2006,R43000,熊本県,1838000,864000,974000,1831000,862000,969000
2017,R44000,大分県,1152000,546000,607000,1142000,541000,601000
2016,R44000,大分県,1160000,549000,611000,1150000,545000,606000
2015,R44000,大分県,1166338,551932,614406,1150436,544698,605738
2014,R44000,大分県,1173000,555000,618000,1165000,551000,614000
2013,R44000,大分県,1180000,558000,622000,1172000,555000,617000
2012,R44000,大分県,1186000,561000,626000,1178000,557000,621000
2011,R44000,大分県,1192000,563000,629000,1183000,559000,624000
2010,R44000,大分県,1196529,564890,631639,1183206,558910,624296
2009,R44000,大分県,1200000,567000,634000,1192000,563000,629000
2008,R44000,大分県,1204000,569000,636000,1195000,565000,631000
2007,R44000,大分県,1206000,569000,637000,1198000,565000,633000
2006,R44000,大分県,1207000,569000,638000,1200000,566000,634000
2017,R45000,宮崎県,1089000,512000,577000,1083000,510000,573000
2016,R45000,宮崎県,1096000,516000,581000,1092000,514000,578000
2015,R45000,宮崎県,1104069,519242,584827,1096407,515969,580438
2014,R45000,宮崎県,1112000,523000,589000,1109000,522000,587000
2013,R45000,宮崎県,1119000,526000,593000,1115000,524000,591000
2012,R45000,宮崎県,1125000,529000,597000,1121000,527000,594000
2011,R45000,宮崎県,1130000,531000,600000,1127000,529000,597000
2010,R45000,宮崎県,1135233,533035,602198,1127597,529448,598149
2009,R45000,宮崎県,1138000,534000,603000,1134000,533000,601000
2008,R45000,宮崎県,1141000,536000,605000,1137000,534000,603000
2007,R45000,宮崎県,1146000,538000,607000,1142000,537000,605000
2006,R45000,宮崎県,1150000,540000,609000,1146000,539000,607000
2017,R46000,鹿児島県,1626000,763000,863000,1617000,761000,856000
2016,R46000,鹿児島県,1637000,768000,869000,1630000,766000,864000
2015,R46000,鹿児島県,1648177,773061,875116,1631662,766007,865655
2014,R46000,鹿児島県,1662000,778000,883000,1656000,777000,879000
2013,R46000,鹿児島県,1675000,784000,891000,1670000,783000,887000
2012,R46000,鹿児島県,1687000,789000,898000,1681000,787000,894000
2011,R46000,鹿児島県,1697000,793000,904000,1692000,792000,900000
2010,R46000,鹿児島県,1706242,796896,909346,1693314,791738,901576
2009,R46000,鹿児島県,1712000,799000,913000,1707000,797000,910000
2008,R46000,鹿児島県,1721000,803000,918000,1716000,801000,915000
2007,R46000,鹿児島県,1733000,809000,924000,1728000,808000,920000
2006,R46000,鹿児島県,1744000,815000,929000,1739000,814000,926000
2017,R47000,沖縄県,1443000,709000,734000,1429000,702000,728000
2016,R47000,沖縄県,1439000,708000,732000,1427000,701000,726000
2015,R47000,沖縄県,1433566,704619,728947,1410487,692392,718095
2014,R47000,沖縄県,1426000,700000,725000,1416000,695000,721000
2013,R47000,沖縄県,1419000,697000,722000,1410000,692000,718000
2012,R47000,沖縄県,1411000,693000,719000,1403000,688000,715000
2011,R47000,沖縄県,1402000,688000,714000,1395000,684000,711000
2010,R47000,沖縄県,1392818,683328,709490,1377248,675338,701910
2009,R47000,沖縄県,1385000,679000,706000,1377000,675000,702000
2008,R47000,沖縄県,1378000,675000,703000,1370000,671000,699000
2007,R47000,沖縄県,1374000,674000,700000,1367000,670000,697000
2006,R47000,沖縄県,1369000,672000,697000,1362000,668000,694000
