,Brand,RAM,Processor,Battery,Rear Camera,Front Camera,Display,Launch Date,Operating System,Fabrication,Graphics,Display Type,Pixel Density,Refresh Rate,Quick Charging,USB Type-C,Internal Memory,Expandable Memory,Wi-Fi,GPS,Audio Jack,SIM Slot(s),Fingerprint Sensor,Price
0,36,8.0,4,5000,108,16.0,6.72,2023,0,6,0,1,392,120,1,1,128,1,0,1,1,2,1,20000
1,52,6.0,3,5000,108,16.0,6.7,2022,0,6,3,0,394,120,1,1,128,0,0,1,0,2,1,24800
2,52,4.0,7,5000,50,8.0,6.74,2023,0,12,3,1,390,90,1,1,64,1,0,1,1,2,1,9000
3,36,8.0,4,5000,50,16.0,6.74,2023,0,4,0,0,451,120,1,1,128,0,0,1,0,2,1,40000
4,38,8.0,4,5000,64,16.0,6.67,2023,0,4,0,0,395,120,1,1,256,0,0,1,1,2,1,30000
5,40,8.0,5,4500,12,32.0,6.4,2022,0,5,3,0,403,120,1,1,128,0,0,1,0,2,1,33200
6,52,4.0,3,5000,64,8.0,6.72,2023,0,12,3,1,392,90,1,1,64,1,0,1,1,2,1,11000
7,53,4.0,3,5000,50,8.0,6.58,2023,0,7,3,1,401,60,1,1,128,1,0,1,1,2,1,13000
8,52,6.0,4,5000,108,16.0,6.72,2022,0,6,0,1,392,120,1,1,128,1,0,1,1,2,1,19000
9,40,8.0,5,5000,50,32.0,6.4,2023,0,5,3,0,403,120,1,1,128,1,0,1,0,2,1,36000
10,53,6.0,4,4500,64,16.0,6.38,2023,0,6,0,0,413,90,1,1,128,1,0,1,1,2,1,19000
11,51,6.0,3,4500,64,16.0,6.38,2023,0,6,3,0,413,90,1,1,128,1,0,1,1,2,1,19000
12,40,12.0,4,5000,200,12.0,6.8,2023,0,4,0,0,501,120,1,1,256,0,0,1,0,2,1,125000
13,46,6.0,3,5000,50,16.0,6.67,2023,0,6,3,0,395,120,1,1,128,0,0,1,1,2,1,23700
14,46,4.0,4,5000,48,13.0,6.67,2023,0,6,0,0,395,120,1,1,128,1,0,1,1,2,1,17000
15,40,4.0,5,5000,50,13.0,6.6,2023,0,5,3,1,400,90,1,1,64,1,0,1,1,2,1,16000
16,52,4.0,3,5000,50,16.0,6.4,2023,0,6,3,0,411,90,1,1,64,1,0,1,1,2,1,12500
17,51,8.0,3,5000,64,16.0,6.78,2023,0,4,3,0,388,120,1,1,128,0,0,1,0,2,1,29000
18,52,6.0,4,5000,64,16.0,6.62,2022,0,7,0,0,398,120,1,1,128,0,0,1,0,2,1,23000
20,53,8.0,3,4600,50,50.0,6.78,2023,0,4,3,0,388,120,1,1,128,0,0,1,0,2,1,38000
21,53,8.0,3,4600,50,50.0,6.78,2023,0,4,3,0,388,120,1,1,128,0,0,1,0,2,1,33000
22,51,8.0,4,4700,64,16.0,6.62,2022,0,7,0,0,398,120,1,1,128,0,0,1,0,2,1,25000
23,36,8.0,3,4500,50,32.0,6.43,2022,0,6,3,0,409,90,1,1,128,0,0,1,0,2,1,29000
24,46,8.0,3,4980,200,16.0,6.67,2023,0,6,3,0,395,120,1,1,256,0,0,1,1,2,1,30000
25,36,8.0,4,5000,50,16.0,6.7,2023,0,4,0,0,526,120,1,1,128,0,0,1,0,2,1,57000
26,1,6.0,0,4323,48,12.0,6.7,2022,2,4,1,2,460,120,1,0,128,0,0,1,0,2,0,128000
27,36,6.0,4,5000,64,16.0,6.59,2022,0,6,0,1,401,120,1,1,128,1,0,1,1,2,1,18000
28,40,4.0,5,6000,50,13.0,6.6,2023,0,5,3,1,400,90,1,1,128,1,0,1,1,2,1,13500
30,35,8.0,4,5000,64,32.0,6.72,2023,0,6,0,1,392,120,1,1,256,1,0,1,1,2,1,25000
31,46,12.0,4,4820,50,32.0,6.73,2023,0,4,0,0,521,120,1,1,256,0,0,1,0,2,1,80000
32,36,8.0,3,5000,50,16.0,6.7,2022,0,5,3,0,394,120,1,1,128,0,0,1,0,2,1,35000
33,40,8.0,4,4500,12,32.0,6.5,2021,0,7,0,0,405,120,1,1,128,1,0,1,0,2,1,27000
34,12,8.0,1,4385,64,13.0,6.1,2023,0,5,3,2,431,90,1,1,128,0,0,1,0,2,1,44000
35,33,8.0,4,4500,50,16.0,6.55,2022,0,6,0,2,402,120,1,1,128,0,0,1,0,2,1,30000
36,36,8.0,4,5000,108,16.0,6.72,2023,0,6,0,1,392,120,1,1,256,1,0,1,1,2,1,22000
37,1,6.0,0,3279,12,12.0,6.1,2022,2,5,1,2,457,60,1,0,128,0,0,1,0,2,0,70000
38,38,6.0,4,5000,108,16.0,6.67,2023,0,6,0,0,395,120,1,1,128,0,0,1,1,2,1,22000
39,1,4.0,0,3227,12,12.0,6.1,2021,2,5,1,2,457,60,1,0,128,0,0,1,0,2,0,60900
40,40,4.0,4,5000,50,8.0,6.6,2022,0,8,0,3,400,120,1,1,128,1,0,1,1,2,1,14500
41,53,8.0,3,4500,64,16.0,6.38,2023,0,6,3,0,413,90,1,1,128,1,0,1,1,2,1,24000
42,40,8.0,4,3900,50,12.0,6.1,2023,0,4,0,0,422,120,1,1,128,0,0,1,0,2,1,75000
43,40,12.0,4,5000,108,40.0,6.8,2022,0,4,0,0,501,120,1,1,256,0,0,1,0,2,1,84400
44,35,8.0,4,4800,108,32.0,6.7,2023,0,6,0,0,394,120,1,1,128,1,0,1,0,2,1,30000
45,35,8.0,3,5000,50,8.0,6.56,2023,0,7,3,1,269,90,1,1,128,1,0,1,1,2,1,18700
46,31,6.0,4,4020,50,32.0,6.5,2022,0,6,0,2,405,144,1,1,128,0,0,1,0,2,1,31000
47,51,4.0,4,5000,50,8.0,6.58,2022,0,6,0,1,401,120,1,1,64,1,0,1,1,2,1,14000
48,12,6.0,1,4410,12,8.0,6.1,2022,0,5,3,2,431,60,1,1,128,0,0,1,0,2,1,30000
49,40,6.0,5,6000,50,8.0,6.6,2022,0,5,3,3,400,120,1,1,128,1,0,1,1,2,1,16200
50,53,8.0,3,4810,50,32.0,6.78,2023,0,4,2,0,453,120,1,1,256,0,0,1,0,2,1,60000
51,46,4.0,3,5000,50,5.0,6.71,2023,0,12,3,1,268,60,0,0,64,1,0,1,1,2,1,8800
52,46,6.0,3,5080,64,16.0,6.6,2022,0,5,3,1,407,144,1,1,128,0,0,1,1,2,1,21000
53,40,6.0,3,5000,48,13.0,6.6,2023,0,6,3,0,390,120,1,1,128,1,0,1,0,2,1,30200
54,46,6.0,4,5000,108,16.0,6.67,2022,0,6,0,0,395,120,1,1,128,1,0,1,1,2,1,20900
55,40,8.0,4,5000,108,32.0,6.7,2022,0,6,0,0,393,120,1,1,128,1,0,1,0,2,1,36200
56,1,4.0,0,3110,12,12.0,6.1,2019,2,7,1,1,324,60,1,0,64,0,0,1,0,2,0,41000
57,38,4.0,3,5000,50,5.0,6.71,2023,0,12,3,1,268,60,0,0,64,1,0,1,1,2,1,8000
58,40,6.0,4,5000,50,8.0,6.6,2023,0,6,0,1,400,120,1,1,128,1,0,1,1,2,1,21300
59,52,6.0,3,5000,48,16.0,6.4,2022,0,6,3,0,411,90,1,1,128,0,0,1,1,2,1,18500
60,46,4.0,3,5000,50,8.0,6.58,2022,0,7,3,1,401,90,1,1,64,1,0,1,1,2,1,13000
61,40,4.0,5,6000,50,8.0,6.6,2022,0,8,3,1,400,60,1,1,64,1,0,1,1,2,1,9700
62,53,4.0,4,5000,50,16.0,6.44,2022,0,6,0,0,409,60,1,1,128,1,0,1,1,2,1,14300
63,30,6.0,4,5000,50,16.0,6.5,2022,0,8,0,1,405,120,1,1,128,1,0,1,1,2,1,16800
64,53,12.0,3,4870,50,32.0,6.78,2023,0,4,2,0,453,120,1,1,256,0,0,1,0,2,1,85000
65,52,4.0,7,5000,50,8.0,6.6,2022,0,12,3,1,400,60,1,1,64,1,0,1,1,2,1,12000
66,30,4.0,4,5000,50,16.0,6.4,2022,0,6,0,0,411,60,1,1,64,1,0,1,1,2,1,10100
67,35,8.0,3,4500,50,32.0,6.4,2022,0,6,3,0,411,90,1,1,128,0,0,1,0,2,1,30000
68,36,8.0,4,5000,48,32.0,6.7,2022,0,4,0,0,526,120,1,1,128,0,0,1,0,2,1,56000
69,40,6.0,5,5000,48,13.0,6.4,2022,0,5,3,0,411,90,1,1,128,1,0,1,0,2,1,24700
70,38,6.0,4,5000,48,13.0,6.67,2023,0,6,0,0,395,120,1,1,128,1,0,1,1,2,1,16000
71,38,6.0,4,5000,64,16.0,6.67,2022,0,6,0,0,395,120,1,1,64,1,0,1,1,2,1,16500
72,53,8.0,3,5000,50,16.0,6.58,2023,0,7,3,1,401,60,1,1,128,1,0,1,1,2,1,19800
73,40,6.0,5,5000,64,32.0,6.5,2022,0,5,3,0,405,120,1,1,128,1,0,1,0,2,1,27000
74,35,8.0,4,4500,64,32.0,6.43,2022,0,6,0,0,409,90,1,1,128,1,0,1,1,2,1,21000
75,46,8.0,4,4600,50,32.0,6.73,2022,0,4,0,0,521,120,1,1,256,0,0,1,0,2,1,42400
76,12,8.0,1,4355,50,10.0,6.3,2022,0,4,3,2,418,90,1,1,128,0,0,1,0,2,1,44500
77,38,6.0,3,5000,64,16.0,6.43,2022,0,12,3,0,409,90,1,1,64,1,0,1,1,2,1,13400
78,46,4.0,4,6000,50,5.0,6.7,2022,0,6,0,1,269,60,1,1,64,1,0,1,1,2,1,9500
79,46,2.0,3,5000,8,5.0,6.52,2023,0,12,4,1,269,60,0,0,32,1,0,1,1,2,0,6300
80,40,6.0,3,5000,108,32.0,6.7,2022,0,6,3,0,393,120,1,1,128,1,0,1,0,2,1,23000
81,36,6.0,3,4500,50,32.0,6.43,2021,0,6,3,0,409,90,1,1,128,0,0,1,0,2,1,28000
82,51,8.0,4,5000,50,16.0,6.78,2023,0,4,0,0,518,144,1,1,256,0,0,1,0,2,1,55000
83,42,8.0,3,5000,64,32.0,6.67,2023,0,12,3,0,395,60,1,1,256,1,0,1,1,2,1,15000
84,52,8.0,3,5000,50,16.0,6.7,2022,0,5,3,0,394,120,1,1,128,0,0,1,0,2,1,27400
85,40,12.0,5,5000,108,40.0,6.9,2020,0,7,3,0,509,120,1,1,128,1,0,1,0,2,1,48500
86,40,8.0,4,3700,50,10.0,6.1,2022,0,4,0,0,422,120,1,1,128,0,0,1,0,2,1,48200
87,52,6.0,4,5000,48,16.0,6.6,2022,0,6,0,1,400,144,1,1,128,1,0,1,1,2,1,20000
88,46,6.0,3,5000,64,13.0,6.43,2022,0,12,3,0,409,90,1,1,64,1,0,1,1,2,1,11500
89,46,6.0,3,5000,108,16.0,6.67,2022,0,12,3,0,395,120,1,1,128,1,0,1,1,2,1,18000
90,1,4.0,0,2815,12,12.0,6.1,2020,2,5,1,2,457,60,1,0,64,0,0,1,0,2,0,54000
91,40,12.0,5,5000,108,40.0,6.8,2021,0,5,3,0,516,120,1,1,256,0,0,1,0,2,1,65000
92,53,8.0,3,4500,64,50.0,6.44,2022,0,6,3,0,409,90,1,1,128,1,0,1,0,2,1,25000
93,40,8.0,5,4000,12,10.0,6.2,2021,0,5,3,0,424,120,1,1,128,0,0,1,0,2,1,35000
94,30,4.0,4,5000,50,16.0,6.5,2022,0,6,0,1,405,90,1,1,64,1,0,1,1,2,1,12000
95,40,6.0,4,5000,50,8.0,6.6,2022,0,6,0,1,400,90,1,1,128,1,0,1,1,2,1,14500
96,36,6.0,3,4500,64,16.0,6.43,2022,0,6,3,0,409,90,1,1,128,1,0,1,1,2,1,24000
97,1,6.0,0,3200,48,12.0,6.1,2022,2,4,1,2,461,120,1,0,128,0,0,1,0,2,0,120000
98,1,6.0,0,4325,12,12.0,6.7,2022,2,5,1,2,457,60,1,0,128,0,0,1,0,2,0,79000
99,30,6.0,4,5000,50,16.0,6.6,2022,0,6,0,2,399,120,1,1,128,1,0,1,1,2,1,20000
100,52,8.0,4,5000,50,16.0,6.62,2022,0,5,0,0,398,120,1,1,128,0,0,1,0,2,1,25000
101,46,6.0,3,5000,64,13.0,6.43,2021,0,12,3,0,409,60,1,1,64,1,0,1,1,2,1,10800
102,52,4.0,3,5000,50,8.0,6.6,2022,0,6,3,1,400,90,1,1,64,1,0,1,1,2,1,14400
103,52,6.0,4,5000,108,16.0,6.4,2022,0,6,0,0,411,90,1,1,128,1,0,1,1,2,1,17000
104,40,4.0,3,5000,50,5.0,6.5,2022,0,7,3,1,270,90,1,1,64,1,0,1,1,2,1,12000
105,12,12.0,1,5000,50,10.0,6.7,2022,0,4,3,2,513,120,1,1,128,0,0,1,0,2,1,68600
106,35,12.0,3,4500,50,32.0,6.7,2022,0,5,3,0,394,120,1,1,256,0,0,1,0,2,1,46000
107,40,8.0,3,5000,48,13.0,6.6,2023,0,6,3,0,390,120,1,1,128,1,0,1,0,2,1,25000
108,46,6.0,4,5000,50,13.0,6.67,2023,0,6,0,0,395,120,1,1,64,1,0,1,1,2,1,15000
109,19,4.0,3,5000,50,8.0,6.6,2022,0,6,3,1,400,120,1,1,64,1,0,1,1,2,1,12500
110,38,4.0,3,5000,50,16.0,6.6,2022,0,6,3,1,399,90,1,1,64,1,0,1,1,2,1,14000
111,53,8.0,3,4200,64,50.0,6.44,2022,0,6,3,0,409,90,1,1,128,0,0,1,0,2,1,26500
112,53,6.0,3,5000,50,8.0,6.58,2023,0,7,3,1,401,60,1,1,128,1,0,1,1,2,1,14000
113,38,6.0,4,4500,64,20.0,6.67,2022,0,7,0,0,395,120,1,1,128,0,0,1,0,2,1,28000
114,53,8.0,3,4830,64,32.0,6.56,2022,0,6,3,0,398,120,1,1,128,0,0,1,0,2,1,31000
115,52,4.0,3,5000,50,16.0,6.6,2022,0,12,3,1,400,120,1,1,64,1,0,1,1,2,1,11800
116,46,4.0,4,5000,48,13.0,6.43,2021,0,11,0,0,409,60,1,1,64,1,0,1,1,2,1,14000
117,30,6.0,3,5000,108,16.0,6.55,2022,0,6,3,2,410,120,1,1,128,1,0,1,1,2,1,17400
118,42,8.0,3,5000,50,32.0,6.78,2023,0,12,3,1,396,90,1,1,128,1,0,1,1,2,1,12500
119,40,6.0,4,5000,50,8.0,6.6,2022,0,8,0,3,400,120,1,1,128,1,0,1,1,2,1,15000
120,30,4.0,4,5000,50,16.0,6.6,2022,0,6,0,2,399,90,1,1,64,1,0,1,1,2,1,11200
121,31,8.0,4,4610,200,60.0,6.67,2022,0,4,0,2,395,144,1,1,128,0,0,1,0,2,1,49000
122,51,8.0,4,4500,48,16.0,6.62,2022,0,5,0,0,398,120,1,1,128,0,0,1,0,2,1,40000
123,25,4.0,3,5000,50,8.0,6.5,2022,0,7,3,1,270,90,0,1,128,1,0,1,1,2,1,11000
124,38,4.0,3,5000,50,8.0,6.58,2022,0,7,3,1,400,90,1,1,64,1,0,1,1,2,1,12000
125,51,6.0,4,4700,64,16.0,6.44,2022,0,6,0,0,409,90,1,1,128,0,0,1,0,2,1,24000
126,53,4.0,3,5000,50,8.0,6.55,2022,0,12,3,1,270,60,1,1,64,1,0,1,1,2,1,13900
127,53,8.0,3,5000,50,8.0,6.58,2023,0,7,3,1,401,60,1,1,128,1,0,1,1,2,1,16000
128,31,8.0,4,4400,50,32.0,6.55,2022,0,5,0,2,402,144,1,1,128,0,0,1,0,2,1,39000
129,51,4.0,4,5000,50,16.0,6.58,2022,0,6,0,1,401,120,1,1,128,1,0,1,1,2,1,16000
130,25,8.0,3,5000,64,16.0,6.78,2021,0,6,3,1,396,90,1,1,128,1,0,1,1,2,1,16000
132,52,4.0,3,5000,48,8.0,6.6,2022,0,6,3,1,400,90,1,1,64,1,0,1,1,2,1,15000
133,52,4.0,4,5000,50,16.0,6.6,2022,0,6,0,1,400,90,1,1,64,1,0,1,1,2,1,13500
134,53,3.0,3,5000,13,5.0,6.51,2022,0,12,4,1,270,60,0,1,32,1,0,1,1,2,1,10000
135,40,8.0,5,4100,12,10.0,6.4,2019,0,8,3,0,526,60,1,1,128,1,0,1,1,2,1,40000
136,12,12.0,1,5003,50,11.0,6.7,2022,0,5,3,2,513,120,1,1,128,0,0,1,0,2,1,42200
137,40,4.0,3,5000,13,5.0,6.5,2022,0,12,4,1,270,60,0,1,64,1,0,1,1,2,0,8000
138,40,8.0,4,4500,50,10.0,6.6,2022,0,4,0,0,390,120,1,1,128,0,0,1,0,2,1,53000
139,36,8.0,4,4800,50,16.0,6.7,2022,0,4,0,0,394,120,1,1,128,0,0,1,0,2,1,43800
140,46,8.0,4,5000,108,16.0,6.67,2022,0,5,0,0,395,120,1,1,128,0,0,1,0,2,1,29000
141,38,4.0,3,5000,50,8.0,6.58,2022,0,6,3,1,401,90,1,1,64,1,0,1,1,2,1,9000
142,52,4.0,3,5000,64,16.0,6.4,2021,0,12,3,0,411,60,1,1,128,1,0,1,1,2,1,16000
143,53,8.0,4,4100,48,32.0,6.44,2019,0,11,0,0,409,60,1,1,128,0,0,1,1,2,1,29000
144,53,4.0,4,5000,13,8.0,6.51,2020,0,11,0,1,270,60,1,0,64,1,0,1,1,2,1,13000
145,52,3.0,7,5000,50,5.0,6.5,2022,0,12,3,1,270,60,0,0,32,1,0,1,1,2,1,9000
146,46,4.0,4,5000,50,13.0,6.43,2022,0,6,0,0,409,90,1,1,64,1,0,1,1,2,1,12200
147,40,6.0,5,6000,50,13.0,6.6,2023,0,5,3,1,400,90,1,1,128,1,0,1,1,2,1,14500
149,12,8.0,1,4614,50,8.0,6.4,2022,0,5,3,2,411,90,1,1,128,0,0,1,0,2,1,35400
150,30,6.0,4,6000,108,32.0,6.8,2021,0,8,0,1,395,120,1,1,128,1,0,1,1,2,1,15000
151,38,6.0,4,6000,64,20.0,6.67,2020,0,8,0,1,395,120,1,1,64,1,0,1,1,2,1,14000
152,46,6.0,3,5000,108,16.0,6.43,2022,0,12,3,0,409,90,1,1,64,1,0,1,1,2,1,14800
153,40,4.0,5,5000,50,13.0,6.6,2023,0,8,3,1,400,60,0,1,64,1,0,1,1,2,1,14000
154,42,8.0,3,5000,50,8.0,6.6,2023,0,12,4,1,267,90,1,1,128,1,0,1,1,2,1,11500
155,19,8.0,3,5000,50,16.0,6.78,2023,0,6,3,1,396,120,1,1,256,1,0,1,1,2,1,18000
156,40,6.0,5,6000,50,13.0,6.6,2023,0,5,3,1,400,90,1,1,128,1,0,1,1,2,1,15000
157,46,4.0,3,5020,13,8.0,6.53,2020,0,12,3,1,395,60,1,1,64,1,0,1,1,2,1,10500
158,36,8.0,4,4500,48,16.0,6.55,2020,0,7,0,0,402,120,1,1,128,0,0,1,0,2,1,32000
159,42,4.0,3,5000,50,8.0,6.6,2023,0,7,3,1,267,90,1,1,64,1,0,1,1,2,1,12500
160,40,6.0,4,5000,64,32.0,6.7,2021,0,6,0,0,393,120,1,1,128,1,0,1,0,2,1,25000
161,36,16.0,4,5000,50,16.0,6.74,2023,0,4,0,0,451,120,1,1,256,0,0,1,0,2,1,45000
162,51,8.0,4,4350,48,16.0,6.56,2022,0,5,0,0,398,120,1,1,128,0,0,1,0,2,1,33000
163,52,8.0,4,5000,50,32.0,6.7,2022,0,4,0,0,526,120,1,1,128,0,0,1,0,2,1,40000
164,52,8.0,3,5000,64,8.0,6.72,2023,0,12,3,1,392,90,1,1,128,1,0,1,1,2,1,13800
165,40,4.0,3,5000,13,5.0,6.5,2023,0,12,4,1,270,60,0,1,64,1,0,1,1,2,0,7300
166,52,6.0,4,5000,64,16.0,6.6,2022,0,8,0,1,400,120,1,1,128,1,0,1,1,2,1,19000
167,52,8.0,4,5000,108,16.0,6.72,2022,0,6,0,1,392,120,1,1,128,1,0,1,1,2,1,20000
168,35,8.0,4,4500,64,16.0,6.43,2022,0,6,0,0,409,60,1,1,128,1,0,1,1,2,1,26000
169,19,8.0,3,4500,200,32.0,6.8,2022,0,6,3,0,387,120,1,1,256,0,0,1,0,2,1,30000
170,40,8.0,4,4700,50,12.0,6.6,2023,0,4,0,0,390,120,1,1,256,0,0,1,0,2,1,95000
171,52,4.0,3,5000,48,16.0,6.5,2022,0,6,3,1,405,90,1,1,64,1,0,1,1,2,1,16000
172,1,6.0,0,3095,12,12.0,6.1,2021,2,5,1,2,457,120,1,0,128,0,0,1,0,2,0,119900
173,53,8.0,3,4050,50,44.0,6.44,2022,0,12,3,0,409,60,1,1,128,1,0,1,0,2,1,17000
174,19,8.0,3,5000,50,16.0,6.78,2023,0,6,3,1,396,120,1,1,128,1,0,1,1,2,1,16000
175,35,4.0,3,5000,50,5.0,6.56,2022,0,12,4,1,269,60,0,0,64,1,0,1,1,2,1,12100
176,36,8.0,4,4500,48,16.0,6.7,2021,0,5,0,0,526,120,1,1,128,0,0,1,0,2,1,50000
177,1,4.0,0,2227,12,12.0,5.4,2020,2,5,1,2,477,60,1,0,64,0,0,1,0,2,0,51000
178,1,6.0,0,4352,12,12.0,6.7,2021,2,5,1,2,457,120,1,0,128,0,0,1,0,2,0,117000
179,40,12.0,4,4400,50,10.0,7.6,2022,0,4,0,0,373,120,1,1,256,0,0,1,0,2,1,118000
180,36,8.0,3,4500,64,16.0,6.43,2022,0,6,3,0,409,90,1,1,128,1,0,1,1,2,1,25000
181,40,12.0,5,4300,12,10.0,6.8,2019,0,7,3,0,495,60,1,1,256,1,0,1,0,2,1,55900
182,40,6.0,4,4500,64,32.0,6.5,2021,0,6,0,0,405,120,1,1,128,1,0,1,1,2,1,31000
183,46,6.0,4,4520,48,20.0,6.67,2021,0,7,0,0,395,120,1,1,128,0,0,1,0,2,1,24000
184,35,8.0,3,4300,50,32.0,6.8,2023,0,4,3,0,403,120,1,1,256,0,0,1,0,2,1,90000
185,35,8.0,3,5000,48,8.0,6.56,2022,0,6,3,1,269,90,1,1,128,1,0,1,1,2,1,17500
186,40,8.0,5,4000,12,10.0,6.2,2020,0,7,3,0,566,120,1,1,128,1,0,1,0,2,1,39000
187,19,8.0,3,5000,108,16.0,6.7,2022,0,6,3,0,393,60,1,1,128,1,0,1,1,2,1,20000
188,40,8.0,5,3400,12,10.0,6.1,2019,0,7,3,0,551,60,1,1,128,1,0,1,1,2,1,31800
189,40,6.0,5,7000,64,32.0,6.7,2021,0,7,3,0,393,60,1,1,128,1,0,1,1,2,1,24000
190,19,4.0,7,6000,13,5.0,6.6,2023,0,28,4,1,267,60,0,1,64,1,0,1,1,2,1,7700
191,35,8.0,4,4500,64,16.0,6.43,2022,0,6,0,0,409,60,1,1,128,1,0,1,1,2,1,22000
192,46,6.0,3,5000,50,16.0,6.6,2021,0,6,3,1,399,90,1,1,64,1,0,1,1,2,1,17000
193,42,3.0,3,5000,13,5.0,6.56,2023,0,12,4,1,269,60,0,1,32,1,0,1,1,2,1,7000
194,30,4.0,4,6000,64,16.0,6.8,2021,0,8,0,1,395,120,1,1,64,1,0,1,1,2,1,12600
195,40,6.0,5,6000,64,32.0,6.4,2020,0,10,3,0,403,60,1,1,128,1,0,1,1,2,1,19000
196,40,8.0,5,4500,12,32.0,6.5,2020,0,7,3,0,405,120,1,1,128,1,0,1,0,2,1,27200
197,40,6.0,4,4500,64,32.0,6.5,2021,0,8,0,0,405,90,1,1,128,1,0,1,1,2,1,25000
198,30,6.0,4,5000,50,16.0,6.4,2022,0,6,0,0,411,60,1,1,128,0,0,1,1,2,1,17700
199,31,12.0,4,5000,108,25.0,6.7,2020,0,7,0,2,385,90,1,1,256,0,0,1,1,1,1,50000
200,40,8.0,5,6000,50,8.0,6.6,2022,0,5,3,3,400,120,1,1,128,1,0,1,1,2,1,17400
201,42,12.0,3,5000,50,16.0,7.85,2023,0,4,3,0,388,120,1,1,256,0,0,1,0,2,1,88900
202,35,6.0,4,5000,48,8.0,6.5,2021,0,8,0,1,405,90,1,1,128,1,0,1,1,2,1,20000
203,46,4.0,3,5000,8,5.0,6.52,2023,0,12,4,1,269,60,0,0,64,1,0,1,1,2,1,8500
204,30,2.0,7,5000,13,5.0,6.5,2023,0,12,3,1,270,60,0,1,64,1,0,1,1,2,0,7500
205,38,4.0,3,5000,8,5.0,6.52,2023,0,12,4,1,269,60,0,0,64,1,0,1,1,2,1,7500
206,40,8.0,5,4800,12,10.0,6.7,2021,0,5,3,0,393,120,1,1,128,0,0,1,0,2,1,48000
207,53,6.0,4,4700,64,16.0,6.44,2022,0,6,0,0,409,90,1,1,128,0,0,1,0,2,1,24000
208,53,6.0,4,5000,50,16.0,6.58,2022,0,6,0,1,401,120,1,1,128,1,0,1,1,2,1,17000
209,38,6.0,4,5160,48,20.0,6.67,2021,0,7,0,1,395,120,1,1,128,1,0,1,1,2,1,24000
210,36,8.0,4,3800,48,16.0,6.55,2019,0,7,0,0,402,90,1,1,128,0,0,1,0,2,1,38000
211,35,4.0,3,5000,13,16.0,6.51,2021,0,12,4,1,270,60,1,1,64,1,0,1,1,2,1,10300
212,36,12.0,3,5000,50,16.0,6.7,2022,0,5,3,0,394,120,1,1,256,0,0,1,0,2,1,39000
213,46,3.0,3,5000,13,5.0,6.53,2022,0,12,4,1,269,60,0,0,32,1,0,1,1,2,1,7500
214,25,6.0,7,5000,13,8.0,6.5,2023,0,12,3,1,270,90,1,1,128,1,0,1,1,2,1,9000
215,35,8.0,3,4300,64,32.0,6.43,2021,0,6,3,0,409,90,1,1,128,0,0,1,0,2,1,26700
216,35,8.0,3,4310,48,16.0,6.43,2021,0,12,4,0,409,60,1,1,128,1,0,1,1,2,1,17000
217,46,4.0,3,5020,48,13.0,6.53,2020,0,12,3,1,395,60,1,1,64,1,0,1,1,2,1,12900
218,1,3.0,0,2942,12,7.0,6.1,2018,2,7,1,1,324,60,1,0,64,0,0,1,0,2,0,37000
219,35,4.0,4,5000,13,16.0,6.5,2020,0,11,0,1,270,90,1,1,64,1,0,1,1,2,1,12000
220,53,8.0,4,5000,50,16.0,6.58,2022,0,6,0,1,401,90,1,1,128,1,0,1,1,2,1,16300
221,36,8.0,4,4500,48,16.0,6.55,2021,0,5,0,0,402,120,1,1,128,0,0,1,0,2,1,38000
222,40,4.0,3,6000,48,13.0,6.4,2021,0,12,3,0,274,90,1,1,64,1,0,1,1,2,1,11500
223,30,8.0,4,5000,50,16.0,6.5,2023,0,6,0,1,405,90,1,1,128,1,0,1,1,2,1,12700
224,53,4.0,3,5000,13,8.0,6.51,2021,0,12,4,1,270,60,1,1,64,1,0,1,1,2,1,13200
225,36,16.0,4,5000,50,16.0,6.7,2023,0,4,0,0,526,120,1,1,256,0,0,1,0,2,1,62000
226,53,8.0,3,4300,108,50.0,6.56,2022,0,6,3,0,398,90,1,1,128,0,0,1,0,2,1,30400
227,42,8.0,3,6000,50,8.0,6.82,2022,0,6,3,1,263,90,1,1,128,1,0,1,1,2,1,12000
228,53,8.0,4,4000,64,44.0,6.44,2020,0,8,0,0,409,60,1,1,128,1,0,1,1,2,1,23200
229,38,4.0,4,5000,48,16.0,6.67,2020,0,8,0,1,395,60,1,1,64,1,0,1,1,2,1,11000
230,46,4.0,3,6000,50,8.0,6.5,2021,0,12,3,1,405,90,1,1,64,1,0,1,1,2,1,11000
231,40,6.0,5,5000,50,13.0,6.6,2023,0,5,3,1,400,90,1,1,128,1,0,1,1,2,1,17500
232,35,8.0,3,4310,48,16.0,6.43,2021,0,7,3,0,409,60,1,1,128,1,0,1,1,2,1,26000
233,52,6.0,7,5000,50,8.0,6.74,2023,0,12,3,1,390,90,1,1,128,1,0,1,1,2,1,11000
234,35,3.0,3,5000,8,5.0,6.56,2022,0,12,4,1,269,60,0,0,64,1,0,1,1,2,1,9400
235,51,8.0,4,4700,50,16.0,6.78,2022,0,4,0,0,518,120,1,1,256,0,0,1,0,2,1,45000
236,46,8.0,4,6000,50,5.0,6.71,2022,0,6,0,1,268,60,1,1,128,1,0,1,1,2,1,12500
237,42,4.0,3,7000,50,8.0,6.9,2022,0,12,3,1,389,90,1,1,64,1,0,1,1,2,1,10300
238,46,6.0,3,5160,108,16.0,6.67,2022,0,6,3,0,395,120,1,1,128,1,0,1,1,2,1,21000
239,1,3.0,0,2716,12,7.0,5.8,2017,2,10,1,2,463,60,1,0,64,0,0,1,0,1,0,89000
240,46,4.0,3,5000,50,8.0,6.58,2022,0,6,3,1,401,90,1,1,64,1,0,1,1,2,1,10000
241,40,12.0,5,4500,108,10.0,6.9,2020,0,7,3,0,494,120,1,1,256,1,0,1,0,2,1,75000
242,53,8.0,3,4500,50,32.0,6.78,2022,0,4,3,0,388,120,1,1,128,0,0,1,0,2,1,55000
243,19,8.0,3,4500,108,60.0,6.7,2022,0,6,3,0,393,90,1,1,128,1,0,1,1,2,1,16000
244,32,2.0,7,5000,13,8.0,6.5,2023,0,28,4,1,270,60,0,1,64,1,0,1,1,2,1,8000
245,53,8.0,3,4050,50,44.0,6.44,2022,0,6,3,0,409,60,1,1,128,1,0,1,0,2,1,21000
246,52,8.0,3,5000,108,16.0,6.7,2022,0,6,3,0,394,120,1,1,128,0,0,1,0,2,1,24000
247,40,4.0,5,5000,50,8.0,6.6,2022,0,8,3,1,400,60,1,1,64,1,0,1,1,2,1,12900
248,42,8.0,3,5160,64,32.0,6.8,2023,0,4,3,0,387,120,1,1,256,0,0,1,0,2,1,40000
249,52,4.0,7,5000,50,8.0,6.6,2022,0,12,3,1,400,60,1,1,64,1,0,1,1,2,1,11500
250,19,6.0,3,5000,50,16.0,6.7,2022,0,6,3,0,393,60,1,1,64,1,0,1,1,2,1,17000
251,40,3.0,7,5000,48,5.0,6.5,2022,0,12,3,1,270,60,0,0,32,1,0,1,1,2,0,8300
252,38,6.0,4,6000,48,8.0,6.53,2021,0,11,0,1,395,60,1,1,64,1,0,1,1,2,1,12300
253,38,6.0,4,4000,12,20.0,6.18,2018,0,10,0,1,403,60,1,1,64,1,0,1,1,2,1,12000
254,51,6.0,4,4500,64,16.0,6.38,2023,0,6,0,0,413,90,1,1,128,1,0,1,1,2,1,19000
255,25,6.0,3,5000,50,8.0,6.5,2023,0,7,3,1,270,90,0,1,128,1,0,1,1,2,1,12000
256,35,8.0,3,4015,48,16.0,6.43,2020,0,12,4,0,409,60,1,1,128,1,0,1,1,2,1,20000
257,40,4.0,3,6000,64,20.0,6.4,2021,0,12,3,0,411,90,1,1,64,1,0,1,1,2,1,13500
258,30,4.0,3,5000,50,13.0,6.4,2021,0,12,3,0,411,60,0,1,64,1,0,1,1,2,1,12000
259,52,3.0,7,5000,8,5.0,6.5,2022,0,12,3,1,270,60,0,0,32,1,0,1,1,2,0,7300
260,46,4.0,4,5020,48,16.0,6.67,2020,0,8,0,1,395,60,1,1,64,1,0,1,1,2,1,13000
261,52,6.0,3,5000,64,16.0,6.5,2020,0,12,3,1,405,90,1,1,64,1,0,1,1,2,1,18000
262,30,3.0,3,5000,16,8.0,6.5,2022,0,12,4,1,270,90,1,1,32,1,0,1,1,2,1,8500
263,16,8.0,2,4200,40,32.0,6.47,2019,0,7,3,2,398,60,1,1,256,1,0,1,0,2,1,72000
264,38,6.0,4,4500,64,20.0,6.67,2020,0,8,0,1,395,120,1,1,64,1,0,1,1,2,1,14400
265,35,6.0,4,5000,48,16.0,6.43,2021,0,11,0,0,409,60,1,1,128,1,0,1,1,2,1,15500
266,52,6.0,3,5000,64,8.0,6.72,2023,0,12,3,1,392,90,1,1,128,1,0,1,1,2,1,13000
267,52,6.0,3,5000,64,16.0,6.5,2021,0,6,3,1,405,90,1,1,128,1,0,1,1,2,1,16700
268,53,8.0,4,4500,64,16.0,6.38,2023,0,6,0,0,413,90,1,1,256,1,0,1,1,2,1,26000
269,40,4.0,5,6000,48,8.0,6.5,2021,0,8,3,1,270,90,1,1,64,1,0,1,1,2,1,11000
270,52,8.0,3,5000,108,16.0,6.7,2023,0,6,3,0,394,120,1,1,256,0,0,1,0,2,1,31500
271,46,6.0,4,5000,48,13.0,6.67,2023,0,6,0,0,395,120,1,1,128,1,0,1,1,2,1,19000
272,52,8.0,4,5000,48,16.0,6.6,2022,0,6,0,1,400,144,1,1,128,1,0,1,1,2,1,18600
273,35,8.0,3,4500,64,32.0,6.43,2022,0,6,3,0,409,90,1,1,256,1,0,1,1,2,1,23500
274,40,6.0,5,3100,12,10.0,5.8,2019,0,8,3,0,465,60,1,1,128,1,0,1,1,2,1,29500
275,30,4.0,4,5000,50,13.0,6.8,2021,0,8,0,1,387,120,1,1,64,1,0,1,1,2,1,14000
276,46,4.0,3,5000,13,5.0,6.53,2020,0,12,4,1,269,60,0,0,64,1,0,1,1,2,1,8700
277,42,8.0,3,4700,50,48.0,6.7,2022,0,12,3,0,385,90,1,1,256,1,0,1,1,2,1,26000
278,42,12.0,3,5160,50,32.0,6.8,2023,0,4,3,0,387,120,1,1,256,0,0,1,0,2,1,50000
279,40,8.0,5,3500,12,10.0,6.3,2019,0,7,3,0,400,60,1,1,256,1,0,1,0,2,1,39100
280,1,2.0,0,1821,12,7.0,4.7,2017,2,10,1,1,326,60,1,0,64,0,0,1,0,1,1,39900
281,52,6.0,3,5000,64,8.0,6.72,2023,0,12,3,1,392,90,1,1,64,1,0,1,1,2,1,11800
282,46,2.0,3,5000,8,5.0,6.52,2022,0,12,4,1,269,60,0,0,32,1,0,1,1,2,1,6300
283,53,12.0,4,4700,50,32.0,6.78,2022,0,4,0,0,518,120,1,1,256,0,0,1,0,2,1,80000
284,46,6.0,4,4250,64,20.0,6.55,2021,0,6,0,0,402,90,1,1,128,1,0,1,0,2,1,21000
285,46,2.0,3,5000,13,5.0,6.53,2020,0,12,4,1,269,60,0,0,32,1,0,1,1,2,0,7000
286,35,8.0,4,5000,50,8.0,6.56,2022,0,6,0,1,269,90,1,1,128,1,0,1,1,2,1,18000
287,53,8.0,3,5000,50,16.0,6.58,2022,0,7,3,1,401,60,1,1,128,1,0,1,1,2,1,18000
288,36,12.0,3,4500,50,32.0,6.43,2022,0,6,3,0,409,90,1,1,256,0,0,1,0,2,1,34000
289,52,8.0,4,5000,64,16.0,6.62,2021,0,7,0,0,398,120,1,1,128,0,0,1,0,2,1,32000
290,53,8.0,3,4000,64,44.0,6.44,2021,0,7,3,0,409,90,1,1,128,1,0,1,0,2,1,22500
291,38,8.0,4,5000,108,16.0,6.67,2023,0,6,0,0,395,120,1,1,256,0,0,1,1,2,1,25000
292,52,4.0,3,6000,50,8.0,6.5,2021,0,12,3,1,270,60,1,1,64,1,0,1,1,2,1,11500
293,19,8.0,3,5000,48,16.0,6.78,2022,0,6,3,1,396,120,1,1,128,1,0,1,1,2,1,20000
294,46,6.0,3,5000,48,8.0,6.5,2021,0,7,3,1,405,90,1,1,128,1,0,1,1,2,1,13700
295,46,4.0,4,4000,48,13.0,6.3,2019,0,11,0,1,409,60,1,1,64,1,0,1,1,2,1,11000
296,35,6.0,4,5000,50,16.0,6.59,2022,0,6,0,1,401,90,1,1,128,1,0,1,1,2,1,15000
297,21,2.0,7,6000,13,5.0,6.6,2023,0,28,4,1,267,60,1,1,64,1,0,1,1,2,1,6500
298,32,8.0,4,4200,50,16.0,6.43,2023,0,6,0,0,409,90,1,1,256,0,0,1,0,2,1,37000
299,46,8.0,3,5000,50,16.0,6.67,2023,0,6,3,0,395,120,1,1,256,0,0,1,1,2,1,26900
300,35,8.0,3,4000,48,16.0,6.4,2020,0,12,3,0,411,60,1,1,128,1,0,1,1,2,1,20000
301,30,4.0,3,5000,50,8.0,6.5,2023,0,12,3,1,270,90,0,1,128,1,0,1,1,2,1,11800
302,40,4.0,5,5000,50,5.0,6.5,2022,0,8,3,1,270,90,1,1,64,1,0,1,1,2,1,12500
303,53,4.0,3,5000,13,5.0,6.51,2022,0,12,4,1,270,60,0,1,64,1,0,1,1,2,1,12000
304,40,8.0,4,5000,108,32.0,6.7,2022,0,6,0,0,393,120,1,1,256,1,0,1,0,2,1,38400
305,53,12.0,3,4600,50,50.0,6.78,2023,0,4,3,0,388,120,1,1,256,0,0,1,0,2,1,37000
306,1,4.0,0,3046,12,12.0,5.8,2019,2,7,1,2,463,60,1,0,64,0,0,1,0,2,0,87100
307,52,8.0,3,5000,50,16.0,6.4,2023,0,6,3,0,411,90,1,1,128,1,0,1,1,2,1,15500
308,35,8.0,4,4500,64,32.0,6.43,2022,0,6,0,0,409,90,1,1,128,1,0,1,1,2,1,20500
309,40,8.0,4,3700,12,10.0,6.7,2022,0,4,0,0,426,120,1,1,128,0,0,1,0,2,1,68000
310,40,8.0,3,5000,48,13.0,6.6,2023,0,6,3,0,390,120,1,1,256,1,0,1,0,2,1,30000
311,52,8.0,4,5000,64,16.0,6.62,2022,0,7,0,0,398,120,1,1,128,0,0,1,0,2,1,25000
312,35,8.0,3,4025,64,44.0,6.4,2020,0,12,4,0,411,90,1,1,128,1,0,1,1,2,1,26000
313,52,8.0,4,5000,64,16.0,6.62,2022,0,7,0,0,398,120,1,1,256,0,0,1,0,2,1,27000
314,40,6.0,3,5000,48,13.0,6.4,2021,0,12,3,0,274,90,1,1,128,1,0,1,1,2,1,16500
315,53,8.0,4,4500,48,32.0,6.38,2020,0,11,0,0,404,60,1,1,128,1,0,1,1,2,1,19000
316,40,8.0,3,5000,108,32.0,6.7,2022,0,6,3,0,393,120,1,1,128,1,0,1,0,2,1,24200
317,19,4.0,3,5000,50,8.0,6.7,2023,0,12,3,0,393,60,1,1,64,1,0,1,1,2,1,10000
318,36,8.0,4,5000,64,16.0,6.59,2022,0,6,0,1,401,120,1,1,128,1,0,1,1,2,1,22000
319,36,12.0,4,4500,64,16.0,6.43,2021,0,8,0,0,409,90,1,1,256,0,0,1,1,2,1,28000
320,42,8.0,3,5000,64,32.0,6.8,2022,0,12,3,1,395,120,1,1,128,1,0,1,1,2,1,18000
321,40,4.0,5,6000,48,20.0,6.4,2021,0,10,3,0,403,60,1,1,64,1,0,1,1,2,1,11400
322,40,6.0,5,3500,12,8.0,6.2,2018,0,10,3,0,531,60,1,1,64,1,0,1,1,2,1,34300
323,35,4.0,3,5000,13,8.0,6.52,2021,0,12,4,1,269,60,0,1,64,1,0,1,1,2,1,13000
324,31,6.0,3,5000,108,32.0,6.7,2021,0,7,3,2,393,90,1,1,128,1,0,1,1,2,1,19000
325,51,6.0,4,5000,50,8.0,6.58,2022,0,6,0,1,401,120,1,1,128,1,0,1,1,2,1,14000
326,46,4.0,3,5000,48,8.0,6.5,2021,0,7,3,1,405,90,1,1,64,1,0,1,1,2,1,11800
327,40,4.0,3,5000,50,5.0,6.5,2022,0,12,4,1,270,60,0,1,64,1,0,1,1,2,0,12000
328,40,4.0,3,6000,64,20.0,6.4,2022,0,12,3,0,411,90,1,1,64,1,0,1,1,2,1,13500
329,12,6.0,4,3140,12,8.0,5.81,2020,0,8,0,2,444,60,1,1,128,0,0,1,1,2,1,22900
330,52,4.0,3,5000,48,16.0,6.5,2021,0,7,3,1,405,90,1,1,128,1,0,1,1,2,1,16500
331,35,8.0,3,4350,64,32.0,6.55,2021,0,7,3,0,402,90,1,1,128,0,0,1,0,2,1,32500
332,53,3.0,3,5000,8,5.0,6.51,2022,0,12,4,1,270,60,0,0,32,1,0,1,1,2,0,9000
333,12,6.0,4,4680,12,8.0,6.34,2022,0,7,0,2,415,60,1,1,128,0,0,1,1,2,1,32900
334,53,4.0,3,4500,16,32.0,6.38,2019,0,12,3,0,404,60,1,0,128,1,0,1,1,2,1,16000
335,40,8.0,4,3300,12,10.0,6.7,2021,0,5,0,0,426,120,1,1,128,0,0,1,0,2,1,45000
336,40,8.0,5,5000,50,13.0,6.6,2023,0,5,3,1,400,90,1,1,128,1,0,1,1,2,1,20800
337,19,8.0,3,5000,50,16.0,6.7,2022,0,12,3,0,393,60,1,1,128,1,0,1,1,2,1,17000
338,35,4.0,3,5000,13,8.0,6.56,2022,0,12,4,1,269,60,1,1,64,1,0,1,1,2,1,14000
339,53,4.0,3,3000,13,16.0,5.5,2016,0,12,3,1,267,60,0,0,32,1,0,1,1,2,1,7000
340,52,4.0,3,5000,50,16.0,6.6,2021,0,12,3,1,400,120,1,1,64,1,0,1,1,2,1,14000
341,40,4.0,3,5000,48,8.0,6.5,2021,0,12,4,1,270,60,1,1,64,1,0,1,1,2,1,11100
342,46,6.0,4,5020,108,16.0,6.67,2021,0,8,0,0,395,120,1,1,128,1,0,1,1,2,1,18000
343,51,12.0,3,5000,64,16.0,6.78,2023,0,4,3,0,388,120,1,1,256,0,0,1,0,2,1,33000
344,40,6.0,5,4000,12,8.0,6.4,2018,0,10,3,0,514,60,1,1,128,1,0,1,1,2,1,53000
345,40,4.0,5,3000,12,8.0,5.8,2018,0,10,3,0,568,60,1,1,64,1,0,1,1,2,1,26900
346,52,8.0,3,4500,64,16.0,6.43,2021,0,6,3,0,409,120,1,1,128,0,0,1,1,2,1,27000
347,40,8.0,5,5000,50,32.0,6.4,2023,0,5,3,0,403,120,1,1,256,1,0,1,0,2,1,35000
348,53,6.0,4,3700,48,32.0,6.39,2019,0,11,0,0,403,60,1,0,128,1,0,1,1,2,1,24000
349,51,8.0,4,4700,50,16.0,6.78,2022,0,4,0,0,388,120,1,1,128,0,0,1,0,2,1,45000
350,46,12.0,3,4980,200,16.0,6.67,2023,0,6,3,0,395,120,1,1,256,0,0,1,1,2,1,33000
351,12,4.0,4,2915,12,8.0,5.5,2018,0,12,0,2,439,60,1,1,64,0,0,1,0,1,1,15000
352,53,4.0,4,5000,50,8.0,6.58,2022,0,6,0,1,401,90,1,1,64,1,0,1,1,2,1,12000
353,40,3.0,3,5000,13,5.0,6.5,2022,0,12,4,1,270,60,0,1,32,1,0,1,1,2,0,11500
354,38,8.0,4,5000,48,13.0,6.67,2023,0,6,0,0,395,120,1,1,256,1,0,1,1,2,1,18000
355,53,8.0,4,4300,48,32.0,6.56,2021,0,7,0,0,398,120,1,1,128,0,0,1,0,2,1,35100
356,52,4.0,3,6000,48,8.0,6.5,2020,0,12,3,1,270,60,1,1,64,1,0,1,1,2,1,13000
357,32,2.0,7,3000,8,5.0,6.3,2023,0,22,4,1,278,60,0,0,64,1,0,1,1,2,0,6500
358,53,8.0,3,4000,64,32.0,6.44,2021,0,7,3,0,409,60,1,1,128,1,0,1,1,2,1,19600
359,40,6.0,5,6000,64,32.0,6.4,2020,0,10,3,0,403,60,1,1,64,1,0,1,1,2,1,18000
360,40,8.0,5,4500,12,10.0,6.7,2020,0,7,3,0,524,120,1,1,128,1,0,1,0,2,1,83000
361,46,6.0,3,5000,50,5.0,6.71,2023,0,12,3,1,268,60,0,0,128,1,0,1,1,2,1,11000
362,46,8.0,4,5000,108,16.0,6.67,2022,0,6,0,0,395,120,1,1,256,1,0,1,1,2,1,23300
363,53,8.0,3,5000,50,16.0,6.58,2021,0,12,3,1,401,60,1,1,128,1,0,1,1,2,1,15800
364,51,16.0,4,5000,50,16.0,6.78,2023,0,4,0,0,518,144,1,1,256,0,0,1,0,2,1,60000
365,19,4.0,3,5000,50,16.0,6.7,2022,0,12,3,0,393,60,1,1,64,1,0,1,1,2,1,11600
366,46,4.0,3,5000,13,5.0,6.53,2020,0,12,4,1,269,60,0,0,64,1,0,1,1,2,0,7700
367,51,6.0,4,4400,64,16.0,6.58,2021,0,7,0,1,401,120,1,1,128,1,0,1,1,2,1,20000
368,52,8.0,3,4500,64,32.0,6.55,2021,0,7,3,0,402,120,1,1,128,0,0,1,0,2,1,30000
369,53,6.0,3,5000,50,8.0,6.55,2022,0,12,3,1,270,60,1,1,128,1,0,1,1,2,1,16500
370,40,6.0,3,6000,64,20.0,6.4,2022,0,12,3,0,411,90,1,1,128,1,0,1,1,2,1,15500
371,32,4.0,7,5050,50,8.0,6.5,2022,0,12,3,1,270,90,1,1,64,1,0,1,1,2,1,12500
372,52,2.0,7,5000,8,5.0,6.5,2021,0,28,4,1,270,60,0,0,32,1,0,1,1,2,0,6300
373,19,4.0,7,6000,13,8.0,6.82,2022,0,12,3,1,263,90,0,1,64,1,0,1,1,2,1,9000
374,19,4.0,3,5000,50,16.0,6.7,2021,0,12,3,0,393,60,1,1,64,1,0,1,1,2,1,12500
375,53,8.0,4,4000,64,44.0,6.44,2020,0,7,0,0,409,60,1,1,128,0,0,1,0,2,1,27000
376,40,8.0,4,5000,50,8.0,6.6,2023,0,6,0,1,400,120,1,1,128,1,0,1,1,2,1,23700
377,46,6.0,4,5000,48,13.0,6.43,2021,0,11,0,0,409,60,1,1,128,1,0,1,1,2,1,14000
378,46,6.0,3,4500,108,16.0,6.67,2022,0,6,3,0,395,120,1,1,128,1,0,1,1,2,1,23000
380,53,8.0,3,4000,64,16.0,6.44,2021,0,12,3,0,409,60,1,1,128,1,0,1,1,2,1,17500
381,52,4.0,7,5000,50,8.0,6.6,2022,0,12,3,1,400,60,1,1,128,1,0,1,1,2,1,10700
382,1,3.0,0,2675,12,7.0,5.5,2017,2,10,1,1,401,60,1,0,64,0,0,1,0,1,1,49900
383,42,8.0,3,5000,50,8.0,6.6,2023,0,7,3,1,267,90,1,1,256,1,0,1,1,2,1,15100
384,1,4.0,0,2018,12,7.0,4.7,2022,2,5,1,1,326,60,1,0,64,0,0,1,0,2,1,35000
385,46,6.0,4,5000,64,20.0,6.67,2020,0,7,0,1,395,144,1,1,128,0,0,1,0,2,1,23000
386,35,12.0,3,4500,64,32.0,6.55,2021,0,6,3,0,402,90,1,1,256,0,0,1,0,2,1,47000
387,40,8.0,4,4500,48,32.0,6.7,2020,0,7,0,0,393,60,1,1,128,1,0,1,0,2,1,40000
388,46,4.0,4,6000,48,8.0,6.53,2020,0,11,0,1,395,60,1,1,64,1,0,1,1,2,1,11500
389,46,6.0,4,4250,64,16.0,6.55,2021,0,8,0,0,402,90,1,1,128,1,0,1,0,2,1,18400
390,35,3.0,3,4230,13,5.0,6.52,2020,0,12,4,1,269,60,0,0,32,1,0,1,1,2,1,9500
391,36,12.0,4,5000,48,32.0,6.7,2022,0,4,0,0,526,120,1,1,256,0,0,1,0,2,1,72000
392,35,4.0,3,5000,50,16.0,6.51,2021,0,12,4,1,270,60,1,1,64,1,0,1,1,2,1,12900
393,40,8.0,4,5000,64,32.0,6.7,2021,0,8,0,0,393,90,1,1,128,1,0,1,1,2,1,28000
394,53,8.0,4,4500,64,16.0,6.38,2023,0,6,0,0,413,90,1,1,128,1,0,1,1,2,1,21000
395,35,12.0,3,4500,50,32.0,6.55,2022,0,6,3,0,402,90,1,1,256,0,0,1,0,2,1,35000
396,38,6.0,4,5000,64,16.0,6.67,2022,0,6,0,0,395,120,1,1,128,1,0,1,1,2,1,17500
397,1,4.0,0,3969,12,12.0,6.5,2019,2,7,1,2,456,60,1,0,64,0,0,1,0,2,0,95700
399,51,12.0,4,4700,64,16.0,6.62,2022,0,7,0,0,398,120,1,1,256,0,0,1,0,2,1,31200
400,52,3.0,3,6000,13,8.0,6.5,2021,0,12,3,1,270,60,1,1,32,1,0,1,1,2,1,9000
401,46,6.0,3,5000,50,8.0,6.58,2022,0,7,3,1,401,90,1,1,128,1,0,1,1,2,1,15000
402,40,12.0,4,5000,200,12.0,6.8,2023,0,4,0,0,501,120,1,1,1,0,0,1,0,2,1,155000
403,46,4.0,4,3080,12,5.0,5.5,2017,0,14,0,1,401,60,0,1,64,1,0,1,1,2,1,14000
404,40,4.0,5,4000,25,25.0,6.4,2019,0,10,3,0,403,60,1,1,64,1,0,1,1,2,1,20000
405,40,4.0,5,5000,48,13.0,6.5,2020,0,8,3,1,270,60,1,1,64,1,0,1,1,2,1,16000
406,53,8.0,4,5000,48,8.0,6.58,2021,0,8,0,1,401,90,1,1,128,0,0,1,1,2,1,18100
407,46,4.0,4,4030,48,32.0,6.08,2019,0,11,0,0,283,60,1,1,64,1,0,1,1,2,1,11000
408,46,6.0,4,5020,64,16.0,6.67,2021,0,8,0,0,395,120,1,1,128,1,0,1,1,2,1,16000
409,1,4.0,0,2815,12,12.0,6.1,2020,2,5,1,2,457,60,1,0,128,0,0,1,0,2,0,57000
410,12,6.0,4,2800,12,8.0,5.7,2020,0,12,0,2,443,90,1,1,64,0,0,1,0,2,0,16000
411,52,8.0,3,5000,48,16.0,6.4,2022,0,6,3,0,411,90,1,1,128,0,0,1,1,2,1,19500
412,46,4.0,4,5020,48,16.0,6.67,2021,0,8,0,1,395,60,1,1,64,1,0,1,1,2,1,10000
413,51,8.0,4,4440,48,16.0,6.44,2020,0,7,0,0,409,60,1,1,128,0,0,1,1,2,1,37000
414,30,4.0,7,5000,13,5.0,6.5,2023,0,12,3,1,270,60,0,1,64,1,0,1,1,2,0,7400
415,42,6.0,3,5000,64,16.0,6.8,2022,0,12,3,1,395,60,1,1,128,1,0,1,1,2,1,13900
416,40,2.0,7,5000,8,5.0,6.5,2021,0,28,4,1,270,60,0,0,32,1,0,1,1,2,0,6500
417,52,3.0,3,6000,13,5.0,6.52,2020,0,12,4,1,269,60,0,0,32,1,0,1,1,2,1,11000
419,1,6.0,0,4323,48,12.0,6.7,2022,2,4,1,2,460,120,1,0,256,0,0,1,0,2,0,138000
420,36,8.0,4,4500,64,16.0,6.43,2021,0,8,0,0,409,90,1,1,128,0,0,1,1,2,1,25000
421,52,12.0,3,4500,50,16.0,6.7,2022,0,5,3,0,394,120,1,1,256,0,0,1,0,2,1,32900
422,51,8.0,4,4000,48,16.0,6.62,2021,0,5,0,0,398,120,1,1,128,0,0,1,0,2,1,40000
423,52,3.0,7,5000,13,5.0,6.5,2022,0,12,3,1,270,60,0,0,32,1,0,1,1,2,1,9300
424,38,8.0,4,5160,48,20.0,6.67,2021,0,7,0,1,395,120,1,1,128,1,0,1,1,2,1,20000
425,40,4.0,5,6000,48,16.0,6.4,2019,0,10,3,0,403,60,1,1,64,1,0,1,1,2,1,15000
426,17,4.0,8,5000,13,8.0,6.5,2023,0,12,3,1,270,60,0,1,64,1,0,1,1,2,1,8000
427,52,2.0,7,5000,8,5.0,6.5,2022,0,28,4,1,270,60,0,0,32,1,0,1,1,2,1,6900
428,35,6.0,3,5000,13,16.0,6.51,2021,0,12,4,1,270,60,1,1,128,1,0,1,1,2,1,16000
429,35,6.0,4,5000,48,16.0,6.43,2021,0,11,0,0,409,60,1,1,128,1,0,1,1,2,1,16200
430,51,8.0,4,4500,64,16.0,6.38,2023,0,6,0,0,413,90,1,1,128,1,0,1,1,2,1,20000
431,53,8.0,4,4500,48,32.0,6.44,2020,0,10,0,0,409,60,1,1,128,1,0,1,1,2,1,25000
432,35,6.0,4,5000,13,8.0,6.56,2022,0,6,0,1,269,90,1,1,128,1,0,1,1,2,1,16200
433,19,2.0,3,5000,8,5.0,6.6,2022,0,12,4,3,266,60,0,0,32,1,0,1,1,2,0,6900
434,19,6.0,3,5200,16,8.0,6.78,2020,0,12,3,1,264,60,0,0,128,1,0,1,1,2,1,12000
435,46,8.0,3,5000,108,16.0,6.67,2022,0,12,3,0,395,120,1,1,128,1,0,1,1,2,1,20500
436,53,3.0,3,5000,13,8.0,6.51,2021,0,12,4,1,270,60,0,0,32,1,0,1,1,2,1,10000
437,40,12.0,4,4400,12,10.0,7.6,2021,0,5,0,0,372,120,1,1,256,0,0,1,0,2,1,93000
438,38,3.0,3,5000,13,5.0,6.53,2021,0,12,4,1,269,60,0,0,32,1,0,1,1,2,1,7000
439,40,12.0,4,5000,108,40.0,6.8,2022,0,4,0,0,501,120,1,1,512,0,0,1,0,2,1,99200
440,53,6.0,4,5000,48,16.0,6.58,2021,0,11,0,1,401,60,1,1,128,1,0,1,1,2,1,16200
441,52,3.0,3,6000,13,8.0,6.52,2020,0,12,4,1,269,60,1,0,32,1,0,1,1,2,1,9400
442,30,8.0,4,5000,50,16.0,6.6,2022,0,6,0,2,399,120,1,1,128,1,0,1,1,2,1,21700
443,53,4.0,3,5000,13,20.0,6.35,2019,0,12,4,1,268,60,1,0,128,0,0,1,1,2,1,19500
444,30,6.0,4,5000,50,16.0,6.6,2022,0,6,0,2,399,90,1,1,128,1,0,1,1,2,1,14000
445,32,6.0,4,4500,50,8.0,6.58,2022,0,6,0,1,400,120,1,1,128,1,0,1,1,2,1,29000
446,30,4.0,3,5000,50,8.0,6.5,2022,0,12,4,1,270,90,0,1,64,1,0,1,1,2,1,9100
447,35,8.0,4,5000,50,16.0,6.59,2022,0,6,0,1,401,90,1,1,128,1,0,1,1,2,1,17600
448,38,6.0,3,5000,50,5.0,6.71,2023,0,12,3,1,268,60,0,0,128,1,0,1,1,2,1,9500
449,53,8.0,4,5000,13,16.0,6.53,2020,0,11,0,1,395,60,0,1,128,1,0,1,1,2,1,19000
450,30,4.0,7,5000,48,8.0,6.5,2021,0,12,3,1,270,90,0,1,64,1,0,1,1,2,1,8500
451,53,4.0,3,5000,16,16.0,6.53,2019,0,12,3,1,395,60,1,0,128,1,0,1,1,2,1,20000
452,51,4.0,4,5000,50,16.0,6.44,2022,0,6,0,0,409,60,1,1,128,1,0,1,1,2,1,15000
453,51,12.0,4,4700,50,16.0,6.78,2022,0,4,0,0,518,120,1,1,256,0,0,1,0,2,1,50000
454,38,12.0,4,4500,64,20.0,6.67,2022,0,7,0,0,395,120,1,1,256,0,0,1,0,2,1,34000
455,19,2.0,7,5000,8,5.0,6.6,2023,0,28,4,1,267,60,0,0,64,1,0,1,1,2,1,6400
456,40,6.0,3,5000,50,5.0,6.5,2022,0,7,3,1,270,90,1,1,128,1,0,1,1,2,1,14000
457,46,8.0,4,4520,108,20.0,6.67,2021,0,5,0,0,395,120,1,1,128,0,0,1,0,2,1,28800
458,35,4.0,3,4230,13,8.0,6.52,2020,0,12,4,1,269,60,0,0,64,1,0,1,1,2,1,13000
459,40,4.0,3,5000,13,5.0,6.5,2022,0,12,4,1,270,60,0,1,128,1,0,1,1,2,0,9100
460,38,6.0,3,5065,64,16.0,6.67,2021,0,6,3,0,395,120,1,1,128,0,0,1,0,2,1,33000
461,38,8.0,3,5000,50,16.0,6.6,2022,0,6,3,1,399,90,1,1,128,1,0,1,1,2,1,16000
462,46,12.0,4,4600,50,32.0,6.73,2022,0,4,0,0,521,120,1,1,256,0,0,1,0,2,1,46400
463,30,8.0,4,5000,50,16.0,6.5,2022,0,8,0,1,405,120,1,1,128,1,0,1,1,2,1,17000
464,53,12.0,3,4600,50,50.0,6.78,2023,0,4,3,0,388,120,1,1,256,0,0,1,0,2,1,43000
465,46,4.0,4,4100,13,5.0,5.5,2017,0,14,0,1,401,60,0,0,64,1,0,1,1,2,1,9000
466,42,4.0,3,5000,48,8.0,6.8,2022,0,12,3,1,395,60,1,1,64,1,0,1,1,2,1,8300
467,32,4.0,7,5000,13,8.0,6.5,2023,0,28,4,1,270,60,0,1,64,1,0,1,1,2,1,8000
468,40,8.0,4,4500,64,32.0,6.5,2021,0,6,0,0,405,120,1,1,128,1,0,1,1,2,1,32500
469,53,8.0,4,4100,48,32.0,6.44,2020,0,11,0,0,409,60,1,1,128,1,0,1,1,2,1,19600
470,38,4.0,3,5000,13,8.0,6.53,2021,0,12,3,1,395,60,1,1,64,1,0,1,1,2,1,9500
471,40,8.0,5,5000,64,32.0,6.5,2022,0,5,3,0,405,120,1,1,256,1,0,1,0,2,1,35000
472,40,8.0,5,4500,12,32.0,6.4,2022,0,5,3,0,403,120,1,1,256,0,0,1,0,2,1,58000
473,53,4.0,3,5000,8,5.0,6.51,2023,0,12,4,1,270,60,0,0,64,1,0,1,1,2,0,10000
474,46,8.0,3,5000,50,16.0,6.67,2023,0,6,3,0,395,120,1,1,128,0,0,1,1,2,1,25400
475,53,12.0,4,4200,48,32.0,6.56,2021,0,7,0,0,398,120,1,1,256,0,0,1,0,2,1,50000
476,1,4.0,0,3110,12,12.0,6.1,2019,2,7,1,1,324,60,1,0,128,0,0,1,0,2,0,45500
477,53,8.0,3,4600,50,50.0,6.78,2023,0,4,3,0,388,120,1,1,256,0,0,1,0,2,1,40000
478,35,6.0,4,4015,16,16.0,6.44,2020,0,11,0,0,409,60,1,1,128,1,0,1,1,2,1,21000
479,38,3.0,3,5000,13,5.0,6.53,2020,0,12,4,1,269,60,0,0,32,1,0,1,1,2,0,8800
480,38,6.0,3,5000,13,8.0,6.53,2020,0,12,3,1,395,60,1,1,64,1,0,1,1,2,1,12000
481,36,8.0,4,3700,16,16.0,6.41,2018,0,10,0,0,402,60,1,1,128,0,0,1,0,2,1,28000
482,52,6.0,3,5000,48,16.0,6.5,2021,0,7,3,1,405,120,1,1,64,1,0,1,1,2,1,15500
483,52,2.0,3,5000,13,5.0,6.52,2020,0,12,4,1,269,60,0,0,32,1,0,1,1,2,0,7500
484,25,4.0,3,5000,13,5.0,6.5,2023,0,12,4,1,270,60,0,1,64,1,0,1,1,2,1,8000
485,19,8.0,3,5000,108,16.0,6.7,2022,0,6,3,0,393,60,1,1,256,1,0,1,1,2,1,17000
486,38,8.0,4,5000,64,16.0,6.67,2022,0,6,0,0,395,120,1,1,128,1,0,1,1,2,1,19500
487,53,8.0,4,5000,50,16.0,6.58,2022,0,6,0,1,401,120,1,1,128,1,0,1,1,2,1,20000
488,52,8.0,4,4500,64,16.0,6.43,2021,0,5,0,0,409,120,1,1,128,0,0,1,1,2,1,30000
489,53,4.0,3,5000,13,16.0,6.35,2019,0,12,4,1,268,60,0,0,64,1,0,1,1,2,1,12500
490,53,6.0,4,3400,12,25.0,6.41,2018,0,14,0,0,402,60,1,0,64,1,0,1,1,2,1,25000
491,42,8.0,3,6000,50,16.0,6.9,2022,0,6,3,1,389,120,1,1,128,1,0,1,1,2,1,24500
492,40,8.0,4,3700,50,10.0,6.1,2022,0,4,0,0,422,120,1,1,256,0,0,1,0,2,1,53000
493,38,8.0,3,5000,64,16.0,6.43,2022,0,12,3,0,409,90,1,1,128,1,0,1,1,2,1,14000
494,52,12.0,4,4200,64,32.0,6.6,2020,0,7,0,1,399,120,1,1,256,0,0,1,0,2,1,35000
495,40,2.0,5,3000,13,5.0,5.5,2017,0,14,3,0,267,60,0,0,16,1,0,1,1,2,0,11500
496,19,4.0,3,6000,50,8.0,6.82,2022,0,12,4,1,263,90,1,0,64,1,0,1,1,2,1,8500
497,38,8.0,4,6000,64,20.0,6.67,2020,0,8,0,1,395,120,1,1,128,1,0,1,1,2,1,16000
498,52,6.0,3,5000,50,8.0,6.6,2022,0,6,3,1,400,90,1,1,128,1,0,1,1,2,1,16400
499,46,2.0,3,5000,13,5.0,6.53,2021,0,12,4,1,269,60,0,0,32,1,0,1,1,2,0,6900
500,38,12.0,4,5000,64,16.0,6.67,2023,0,4,0,0,395,120,1,1,256,0,0,1,1,2,1,34000
501,29,4.0,7,5000,13,5.0,6.52,2021,0,12,3,1,269,60,0,1,64,1,0,1,1,2,1,7000
502,52,4.0,3,5000,48,16.0,6.5,2021,0,12,3,1,405,90,1,1,64,1,0,1,1,2,1,13500
503,35,2.0,4,4230,13,8.0,6.2,2018,0,14,0,1,271,60,0,0,16,1,0,1,1,2,0,10000
504,40,4.0,5,4000,25,16.0,6.4,2019,0,14,3,0,268,60,1,1,64,1,0,1,1,2,1,18000
505,40,6.0,4,4500,64,32.0,6.7,2019,0,11,0,0,393,60,1,1,128,1,0,1,1,2,1,23000
506,31,12.0,4,4610,200,60.0,6.67,2022,0,4,0,2,395,144,1,1,256,0,0,1,0,2,1,51900
507,40,6.0,5,3300,12,8.0,6.3,2017,0,10,3,0,522,60,1,1,64,1,0,1,1,2,1,33000
508,40,4.0,5,6000,50,8.0,6.6,2022,0,8,3,1,400,60,1,1,128,1,0,1,1,2,1,10700
509,35,8.0,4,4000,48,32.0,6.5,2020,0,8,0,0,405,90,1,1,128,1,0,1,1,2,1,35000
510,19,6.0,3,5000,50,8.0,6.6,2023,0,6,3,1,400,120,1,1,128,1,0,1,1,2,1,15000
511,42,4.0,3,5000,13,8.0,6.6,2022,0,12,4,1,266,90,0,0,64,1,0,1,1,2,1,8000
512,31,8.0,4,4020,50,32.0,6.5,2022,0,6,0,2,405,144,1,1,128,0,0,1,0,2,1,25800
513,52,4.0,7,5000,50,5.0,6.5,2023,0,12,3,1,270,60,0,0,64,1,0,1,1,2,1,9700
514,40,12.0,4,5000,200,12.0,6.8,2023,0,4,0,0,501,120,1,1,512,0,0,1,0,2,1,135000
515,53,4.0,3,5000,13,8.0,6.47,2020,0,12,4,1,266,60,0,1,128,1,0,1,1,2,1,15000
516,52,3.0,3,5000,13,5.0,6.5,2021,0,12,4,1,270,60,0,0,32,1,0,1,1,2,1,9500
517,53,8.0,4,4700,64,16.0,6.44,2022,0,6,0,0,409,90,1,1,128,0,0,1,0,2,1,25000
518,32,6.0,7,5050,50,8.0,6.5,2022,0,12,3,1,270,90,1,1,128,1,0,1,1,2,1,12200
519,41,4.0,4,3230,19,13.0,5.5,2017,0,12,0,1,745,60,1,1,64,1,0,1,1,2,1,60000
520,52,2.0,7,5000,8,5.0,6.5,2021,0,28,3,1,270,60,0,0,32,1,0,1,1,2,0,7000
521,40,3.0,4,5000,13,8.0,6.4,2020,0,14,0,1,268,60,1,1,32,1,0,1,1,2,1,10000
522,38,6.0,4,4000,12,20.0,6.18,2018,0,10,0,1,403,60,1,1,128,1,0,1,1,2,1,11900
523,51,8.0,4,4700,64,16.0,6.44,2022,0,6,0,0,409,90,1,1,128,0,0,1,0,2,1,25000
524,30,4.0,3,5000,50,16.0,6.5,2022,0,12,4,1,270,90,1,1,64,1,0,1,1,2,1,9900
525,52,8.0,3,5000,64,16.0,6.5,2021,0,6,3,1,405,90,1,1,128,1,0,1,1,2,1,18600
526,52,6.0,3,5000,48,16.0,6.5,2022,0,6,3,1,405,90,1,1,128,1,0,1,1,2,1,16000
527,46,8.0,4,5020,108,16.0,6.67,2021,0,8,0,0,395,120,1,1,128,1,0,1,1,2,1,22000
528,40,6.0,3,6000,48,13.0,6.4,2021,0,12,3,0,274,90,1,1,128,1,0,1,1,2,1,13400
529,46,6.0,4,6000,50,5.0,6.7,2022,0,6,0,1,269,60,1,1,128,1,0,1,1,2,1,11000
530,46,8.0,3,5000,64,13.0,6.43,2021,0,12,3,0,409,60,1,1,128,1,0,1,1,2,1,14000
531,46,6.0,4,5020,48,16.0,6.67,2021,0,8,0,1,395,60,1,1,128,1,0,1,1,2,1,14500
532,35,4.0,3,5000,50,8.0,6.56,2022,0,12,4,1,269,60,1,1,64,1,0,1,1,2,1,15500
533,35,3.0,3,4230,13,5.0,6.52,2022,0,12,4,1,269,60,0,0,32,1,0,1,1,2,0,8500
534,46,6.0,3,6000,50,8.0,6.5,2021,0,12,3,1,405,90,1,1,128,1,0,1,1,2,1,13000
535,40,8.0,4,3300,12,10.0,6.7,2020,0,7,0,0,425,60,1,1,256,0,0,1,0,2,1,44000
536,32,4.0,4,3060,16,16.0,5.8,2018,0,14,0,1,435,60,1,1,64,1,0,1,1,2,1,17600
537,36,12.0,4,4500,48,16.0,6.55,2020,0,7,0,0,402,120,1,1,256,0,0,1,0,2,1,33000
538,53,6.0,4,4500,48,32.0,6.38,2019,0,10,0,0,404,60,1,1,64,0,0,1,1,2,1,16000
539,52,3.0,3,4230,13,13.0,6.22,2019,0,12,3,1,270,60,0,0,32,1,0,1,1,2,1,8800
540,53,12.0,3,4830,64,32.0,6.56,2022,0,6,3,0,398,120,1,1,256,0,0,1,0,2,1,33600
541,52,8.0,4,4200,64,32.0,6.44,2020,0,12,0,0,409,90,1,1,128,0,0,1,0,2,1,42000
542,42,8.0,3,5000,50,8.0,6.6,2023,0,7,3,1,267,90,1,1,128,1,0,1,1,2,1,14000
543,42,8.0,3,5000,64,16.0,6.8,2022,0,6,3,1,395,120,1,1,128,1,0,1,1,2,1,22000
544,53,2.0,3,5000,8,5.0,6.51,2022,0,12,4,1,270,60,0,0,32,1,0,1,1,2,0,8000
545,1,6.0,0,4323,48,12.0,6.7,2022,2,4,1,2,460,120,1,0,1,0,0,1,0,2,0,178000
546,46,3.0,3,5000,13,5.0,6.53,2020,0,12,4,1,269,60,0,0,32,1,0,1,1,2,0,7500
547,52,4.0,7,5000,50,8.0,6.5,2021,0,12,3,1,270,60,1,0,128,1,0,1,1,2,1,11400
548,36,12.0,4,4500,48,16.0,6.7,2021,0,5,0,0,526,120,1,1,256,0,0,1,0,2,1,55000
549,35,8.0,3,4310,48,16.0,6.43,2021,0,12,4,0,409,60,1,1,256,1,0,1,1,2,1,19000
550,16,4.0,2,4000,13,16.0,6.5,2019,0,12,3,1,396,60,1,0,64,1,0,1,1,2,1,16000
551,40,8.0,4,5000,64,32.0,6.7,2021,0,6,0,0,393,120,1,1,128,1,0,1,0,2,1,35000
552,19,4.0,3,6000,13,8.0,6.82,2022,0,12,4,1,263,90,1,1,64,1,0,1,1,2,1,8400
553,46,3.0,4,4000,48,13.0,6.3,2019,0,14,0,1,409,60,1,1,32,1,0,1,1,2,1,10900
554,40,3.0,3,5000,13,5.0,6.5,2021,0,12,4,1,270,60,0,1,32,1,0,1,1,2,1,8500
555,46,8.0,4,5000,48,13.0,6.67,2023,0,6,0,0,395,120,1,1,256,1,0,1,1,2,1,21000
556,30,6.0,4,6000,64,16.0,6.8,2021,0,8,0,1,395,120,1,1,128,1,0,1,1,2,1,14700
558,38,6.0,3,5000,50,8.0,6.58,2022,0,7,3,1,400,90,1,1,128,1,0,1,1,2,1,14000
559,46,6.0,3,5000,108,16.0,6.43,2022,0,12,3,0,409,90,1,1,128,1,0,1,1,2,1,15500
560,52,4.0,3,6000,13,8.0,6.5,2021,0,12,3,1,270,60,1,1,64,1,0,1,1,2,1,9800
562,52,4.0,7,5000,8,5.0,6.5,2021,0,28,3,1,270,60,0,0,64,1,0,1,1,2,0,8000
563,25,3.0,3,5000,13,8.0,6.51,2022,0,12,4,1,270,60,0,1,64,1,0,1,1,2,1,8700
564,53,3.0,3,5000,13,8.0,6.51,2022,0,12,4,1,270,60,0,0,32,1,0,1,1,2,1,9500
565,1,6.0,0,3200,48,12.0,6.1,2022,2,4,1,2,461,120,1,0,256,0,0,1,0,2,0,129000
566,53,6.0,3,4000,12,32.0,6.53,2019,0,12,3,1,395,60,1,0,64,1,0,1,1,2,1,21600
567,40,6.0,4,3500,32,16.0,6.3,2019,0,11,0,1,409,60,1,1,128,1,0,1,0,2,1,20000
568,32,4.0,7,5000,50,8.0,6.51,2022,0,12,3,1,270,90,0,1,64,1,0,1,1,2,1,14000
569,46,4.0,4,4000,12,20.0,5.99,2018,0,14,0,1,403,60,1,0,64,1,0,1,1,2,1,11000
570,53,6.0,4,5000,13,8.0,6.51,2020,0,11,0,1,270,60,1,0,64,1,0,1,1,2,1,17000
571,46,2.0,4,4000,12,8.0,6.26,2019,0,14,0,1,269,60,0,0,32,1,0,1,1,2,1,7600
572,32,3.0,3,3500,13,8.0,6.0,2018,0,12,4,1,268,60,0,0,32,1,0,1,1,2,1,6500
573,52,4.0,4,4000,64,32.0,6.4,2019,0,8,0,0,403,60,1,1,64,1,0,1,1,2,1,18000
574,30,4.0,3,5000,16,8.0,6.5,2022,0,12,4,1,270,90,0,1,64,1,0,1,1,2,1,8000
575,40,8.0,3,5000,48,13.0,6.5,2021,0,7,3,3,270,60,1,1,128,1,0,1,1,2,1,22000
576,53,12.0,3,4200,64,50.0,6.44,2022,0,6,3,0,409,90,1,1,256,0,0,1,0,2,1,27200
577,46,8.0,4,5020,64,16.0,6.67,2021,0,8,0,0,395,120,1,1,128,1,0,1,1,2,1,17500
578,53,8.0,4,5000,48,16.0,6.58,2021,0,11,0,1,401,60,1,1,128,1,0,1,1,2,1,16000
579,40,8.0,4,5000,50,8.0,6.6,2022,0,6,0,1,400,90,1,1,128,1,0,1,1,2,1,18500
580,52,2.0,3,5000,8,5.0,6.5,2021,0,12,4,1,270,60,0,0,32,1,0,1,1,2,0,7500
581,42,4.0,3,7000,48,8.0,6.95,2021,0,12,3,1,387,60,1,1,64,1,0,1,1,2,1,10500
582,40,2.0,3,4000,13,8.0,6.2,2019,0,12,4,1,271,60,0,0,32,1,0,1,1,2,1,9000
583,19,4.0,3,5000,50,8.0,6.78,2021,0,12,3,1,399,90,1,1,64,1,0,1,1,2,1,11500
584,9,8.0,3,10800,108,32.0,6.58,2023,0,6,3,1,401,60,1,1,256,1,0,1,0,2,1,48800
585,53,4.0,3,5000,13,8.0,6.35,2019,0,12,4,1,268,60,0,0,32,1,0,1,1,2,1,15000
586,1,6.0,0,3279,12,12.0,6.1,2022,2,5,1,2,457,60,1,0,256,0,0,1,0,2,0,81000
587,40,8.0,5,5000,48,13.0,6.4,2022,0,5,3,0,411,90,1,1,128,1,0,1,0,2,1,27000
588,46,8.0,3,5000,50,16.0,6.6,2021,0,6,3,1,399,90,1,1,128,1,0,1,1,2,1,18500
589,52,8.0,3,5000,64,16.0,6.4,2021,0,12,3,0,411,60,1,1,128,1,0,1,1,2,1,18000
590,51,12.0,4,4500,48,16.0,6.62,2022,0,5,0,0,398,120,1,1,256,0,0,1,0,2,1,34000
591,35,6.0,4,5000,12,16.0,6.5,2020,0,11,0,1,405,60,1,1,128,1,0,1,1,2,1,18000
592,1,4.0,0,3227,12,12.0,6.1,2021,2,5,1,2,457,60,1,0,256,0,0,1,0,2,0,73000
593,46,6.0,3,4500,64,20.0,6.53,2019,0,12,3,1,395,60,1,1,128,1,0,1,1,2,1,16000
594,33,12.0,4,4500,50,16.0,6.55,2022,0,6,0,2,402,120,1,1,256,0,0,1,0,2,1,43000
595,40,6.0,3,5000,64,8.0,6.6,2021,0,7,3,3,400,90,1,1,128,1,0,1,1,2,1,16700
596,53,2.0,4,2500,8,5.0,5.0,2017,0,12,0,1,220,60,0,0,16,1,0,1,1,2,0,10000
598,40,12.0,4,5000,108,40.0,6.8,2022,0,4,0,0,501,120,1,1,1,0,0,1,0,2,1,110000
600,4,2.0,4,2515,8,2.0,3.5,2015,1,12,0,3,291,60,0,0,16,1,0,1,1,1,0,15000
601,25,4.0,3,5000,50,8.0,6.5,2022,0,12,4,1,270,90,0,1,64,1,0,1,1,2,1,8700
602,52,6.0,3,5000,48,16.0,6.5,2021,0,7,3,1,405,90,1,1,128,1,0,1,1,2,1,17000
603,46,8.0,4,5000,108,16.0,6.67,2022,0,6,0,0,395,120,1,1,128,1,0,1,1,2,1,23000
604,53,12.0,4,4200,50,32.0,6.56,2021,0,5,0,0,398,120,1,1,256,0,0,1,0,2,1,55000
605,53,12.0,3,4500,64,50.0,6.44,2022,0,6,3,0,409,90,1,1,256,1,0,1,0,2,1,29000
606,40,8.0,5,5000,64,32.0,6.5,2022,0,5,3,0,405,120,1,1,128,1,0,1,0,2,1,32000
607,35,8.0,3,5000,13,8.0,6.52,2021,0,7,3,1,269,60,0,1,128,1,0,1,1,2,1,16300
608,46,4.0,3,5000,8,5.0,6.52,2023,0,12,4,1,269,60,0,0,64,1,0,1,1,2,0,8000
609,46,6.0,3,5000,50,8.0,6.58,2022,0,6,3,1,401,90,1,1,128,1,0,1,1,2,1,12000
610,52,3.0,7,5000,8,5.0,6.5,2022,0,12,3,1,270,60,0,0,32,1,0,1,1,2,0,6000
611,52,8.0,3,5000,50,16.0,6.7,2022,0,5,3,0,394,120,1,1,256,0,0,1,0,2,1,28800
612,1,3.0,0,2942,12,7.0,6.1,2018,2,7,1,1,324,60,1,0,128,0,0,1,0,2,0,41700
613,53,12.0,3,4810,50,32.0,6.78,2023,0,4,2,0,453,120,1,1,256,0,0,1,0,2,1,64000
614,53,8.0,4,4200,48,32.0,6.56,2020,0,8,0,0,398,90,1,1,128,0,0,1,0,2,1,32000
615,51,6.0,4,5000,50,16.0,6.58,2022,0,6,0,1,401,120,1,1,128,1,0,1,1,2,1,17000
616,19,2.0,3,6000,13,8.0,6.82,2021,0,12,4,1,263,60,0,0,32,1,0,1,1,2,1,7500
617,42,4.0,3,5000,48,48.0,6.8,2021,0,12,3,1,395,90,1,1,128,1,0,1,1,2,1,15000
618,36,12.0,4,4500,48,16.0,6.55,2021,0,7,0,0,402,120,1,1,256,0,0,1,0,2,1,44000
619,46,8.0,4,4250,64,20.0,6.55,2021,0,6,0,0,402,90,1,1,128,1,0,1,0,2,1,23000
620,38,6.0,3,5000,48,8.0,6.5,2021,0,7,3,1,405,90,1,1,128,1,0,1,1,2,1,18000
621,35,4.0,4,5000,12,16.0,6.5,2020,0,11,0,1,405,60,1,1,128,1,0,1,1,2,1,18000
622,43,12.0,3,9600,108,32.0,6.58,2022,0,6,3,1,401,120,1,1,256,1,0,1,1,2,1,67000
623,46,6.0,3,5020,48,13.0,6.53,2020,0,12,3,1,395,60,1,1,128,1,0,1,1,2,1,15000
624,33,8.0,4,4500,50,16.0,6.55,2022,0,6,0,2,402,120,1,1,256,0,0,1,0,2,1,31000
625,53,2.0,3,4030,13,8.0,6.22,2019,0,12,4,1,270,60,0,0,32,1,0,1,1,2,1,9000
626,40,6.0,5,6000,50,8.0,6.6,2022,0,8,3,1,400,60,1,1,128,1,0,1,1,2,1,11700
627,52,4.0,7,5000,50,5.0,6.5,2022,0,12,3,1,270,60,0,0,64,1,0,1,1,2,1,10000
628,1,6.0,0,4323,48,12.0,6.7,2022,2,4,1,2,460,120,1,0,512,0,0,1,0,2,0,162000
629,53,3.0,3,5000,13,8.0,6.35,2019,0,12,4,1,268,60,0,0,64,1,0,1,1,2,1,11000
630,46,6.0,4,5000,50,13.0,6.67,2023,0,6,0,0,395,120,1,1,128,1,0,1,1,2,1,17000
631,38,6.0,4,5000,48,16.0,6.67,2020,0,8,0,1,395,60,1,1,64,1,0,1,1,2,1,11900
632,46,6.0,4,5000,50,13.0,6.43,2022,0,6,0,0,409,90,1,1,128,1,0,1,1,2,1,14200
633,52,6.0,3,5000,50,16.0,6.6,2021,0,12,3,1,400,120,1,1,128,1,0,1,1,2,1,16000
634,53,3.0,4,5000,13,8.0,6.51,2021,0,12,0,1,270,60,0,0,64,1,0,1,1,2,1,11000
635,40,8.0,4,4700,50,12.0,6.6,2023,0,4,0,0,390,120,1,1,512,0,0,1,0,2,1,105000
636,40,3.0,5,3300,13,8.0,5.5,2017,0,12,3,3,401,60,0,0,64,1,0,1,1,2,1,7000
637,51,12.0,4,5000,64,16.0,6.67,2021,0,6,0,1,395,120,1,1,256,0,0,1,1,2,1,27000
638,53,4.0,4,4030,13,20.0,6.22,2018,0,12,0,1,270,60,0,0,64,1,0,1,1,2,1,15000
639,42,4.0,3,6000,50,8.0,6.8,2022,0,6,3,1,395,120,1,1,128,1,0,1,1,2,1,15500
640,52,6.0,4,5000,50,16.0,6.6,2022,0,6,0,1,400,90,1,1,128,1,0,1,1,2,1,16000
641,38,6.0,4,5000,48,16.0,6.67,2020,0,8,0,1,395,60,1,1,128,1,0,1,1,2,1,13800
642,38,3.0,3,5000,8,5.0,6.52,2023,0,12,4,1,269,60,0,0,32,1,0,1,1,2,1,6800
643,40,8.0,5,7000,64,32.0,6.7,2021,0,7,3,0,393,60,1,1,128,1,0,1,1,2,1,26000
644,19,6.0,7,5000,50,8.0,6.6,2022,0,12,3,1,267,90,1,1,64,1,0,1,1,2,1,9800
645,42,2.0,3,6000,13,8.0,7.0,2020,0,12,4,1,256,60,0,0,32,1,0,1,1,2,1,7800
646,19,4.0,3,5200,13,8.0,6.6,2021,0,12,3,1,400,60,0,1,64,1,0,1,1,2,1,10000
647,53,3.0,4,5000,13,8.0,6.35,2019,0,11,0,1,268,60,1,0,32,1,0,1,1,2,1,9000
648,1,4.0,0,2018,12,7.0,4.7,2022,2,5,1,1,326,60,1,0,128,0,0,1,0,2,1,48900
649,46,6.0,3,5000,64,13.0,6.43,2021,0,12,3,0,409,60,1,1,128,1,0,1,1,2,1,16500
650,53,4.0,3,4030,13,8.0,6.22,2018,0,12,4,1,270,60,0,0,32,1,0,1,1,2,1,18000
651,12,4.0,4,3430,12,8.0,6.3,2018,0,10,0,2,522,60,1,1,64,0,0,1,0,1,1,18000
652,30,4.0,4,3000,12,5.0,5.2,2017,0,14,0,1,424,60,1,0,32,1,0,1,1,2,1,10900
653,31,4.0,5,3500,48,25.0,6.3,2019,0,12,3,1,435,60,1,1,128,1,0,1,1,2,1,20000
654,53,2.0,3,4030,13,5.0,6.22,2020,0,12,4,1,270,60,0,0,32,1,0,1,1,2,0,8300
655,25,3.0,3,5000,8,5.0,6.51,2022,0,12,4,1,270,60,0,1,32,1,0,1,1,2,1,6200
656,52,12.0,4,5000,50,32.0,6.7,2022,0,4,0,0,526,120,1,1,256,0,0,1,0,2,1,58000
658,19,6.0,3,5000,50,16.0,6.95,2021,0,12,3,1,387,120,1,1,64,1,0,1,1,2,1,16500
659,46,6.0,3,5000,50,16.0,6.6,2021,0,6,3,1,399,90,1,1,128,1,0,1,1,2,1,17000
660,46,8.0,4,5000,64,20.0,6.67,2020,0,7,0,1,395,144,1,1,128,0,0,1,0,2,1,25000
661,35,4.0,3,5000,50,8.0,6.56,2022,0,12,4,1,269,60,1,1,128,1,0,1,1,2,1,16000
662,40,6.0,3,5000,48,8.0,6.5,2021,0,12,4,1,270,60,1,1,128,1,0,1,1,2,1,14200
664,35,8.0,3,4025,48,44.0,6.4,2020,0,12,4,0,411,60,1,1,128,1,0,1,1,2,1,30000
665,46,6.0,4,4030,48,32.0,6.08,2019,0,11,0,0,283,60,1,1,128,1,0,1,1,2,1,16600
666,46,12.0,4,5000,108,16.0,6.67,2022,0,5,0,0,395,120,1,1,256,0,0,1,0,2,1,36000
667,35,3.0,3,4230,13,5.0,6.52,2022,0,12,4,1,269,60,0,0,32,1,0,1,1,2,0,9000
668,53,8.0,4,3700,48,32.0,6.39,2019,0,11,0,0,403,60,1,0,128,1,0,1,1,2,1,25000
669,46,8.0,4,5000,108,20.0,6.67,2020,0,7,0,1,395,144,1,1,128,0,0,1,0,2,1,38800
670,35,6.0,4,5000,13,16.0,6.5,2020,0,11,0,1,270,90,1,1,128,1,0,1,1,2,1,18000
671,46,4.0,3,5000,13,5.0,6.53,2021,0,12,4,1,269,60,0,0,64,1,0,1,1,2,0,7400
672,53,3.0,4,5000,13,8.0,6.35,2019,0,12,0,1,268,60,0,0,32,1,0,1,1,2,1,9400
673,53,4.0,3,5000,13,8.0,6.51,2021,0,12,4,1,270,60,1,1,128,1,0,1,1,2,1,15500
674,35,4.0,3,5000,13,16.0,6.51,2021,0,12,4,1,270,60,1,1,128,1,0,1,1,2,1,14300
675,53,6.0,3,5000,13,8.0,6.51,2021,0,12,3,1,270,60,1,0,128,1,0,1,1,2,1,15000
676,46,4.0,3,5000,13,5.0,6.53,2022,0,12,4,1,269,60,0,0,64,1,0,1,1,2,1,8400
677,53,6.0,3,3315,16,25.0,6.3,2018,0,12,3,1,400,60,1,0,64,1,0,1,1,2,1,20000
679,29,4.0,3,5000,48,16.0,6.67,2020,0,12,3,1,395,60,1,1,64,1,0,1,1,2,1,9400
680,53,4.0,4,3225,16,24.0,5.99,2017,0,12,0,1,269,60,0,0,64,1,0,1,1,2,1,21300
681,52,4.0,7,5000,8,5.0,6.5,2022,0,12,3,1,270,60,0,0,64,1,0,1,1,2,0,7800
682,53,3.0,4,5000,13,8.0,6.51,2020,0,11,0,1,270,60,1,0,64,1,0,1,1,2,1,11500
683,40,8.0,4,4500,64,32.0,6.5,2021,0,8,0,0,405,90,1,1,128,1,0,1,1,2,1,27000
684,52,8.0,3,5000,64,16.0,6.5,2020,0,12,3,1,405,90,1,1,128,1,0,1,1,2,1,16800
685,52,12.0,4,4200,64,32.0,6.44,2020,0,12,0,0,409,90,1,1,256,0,0,1,0,2,1,48000
686,36,12.0,4,4800,50,16.0,6.7,2022,0,4,0,0,394,120,1,1,256,0,0,1,0,2,1,50000
687,30,4.0,4,6000,48,8.0,6.5,2021,0,11,0,1,270,60,0,1,64,1,0,1,1,2,1,11000
688,29,4.0,3,5000,48,16.0,6.43,2022,0,12,3,0,409,60,1,1,64,1,0,1,1,2,1,13500
689,52,8.0,4,4300,64,32.0,6.43,2021,0,6,0,0,409,120,1,1,256,0,0,1,1,2,1,30000
690,46,3.0,4,4000,12,32.0,6.26,2019,0,14,0,1,269,60,0,0,32,1,0,1,1,2,1,10000
691,52,4.0,7,5000,8,5.0,6.5,2021,0,28,4,1,270,60,0,0,64,1,0,1,1,2,0,9000
692,35,3.0,4,5000,13,8.0,6.5,2020,0,11,0,1,270,90,1,1,32,1,0,1,1,2,1,10500
693,53,4.0,3,3260,13,8.0,6.22,2018,0,12,4,1,270,60,0,0,64,1,0,1,1,2,1,14600
694,1,3.0,0,2716,12,7.0,5.8,2017,2,10,1,2,463,60,1,0,256,0,0,1,0,1,0,102000
695,32,2.0,7,4000,8,5.0,6.3,2023,0,22,4,1,278,60,0,0,64,1,0,1,1,2,0,6800
696,30,6.0,3,5000,50,13.0,6.4,2021,0,12,3,0,411,60,0,1,128,1,0,1,1,2,1,12500
698,38,8.0,4,4500,64,20.0,6.67,2022,0,7,0,0,395,120,1,1,128,0,0,1,0,2,1,28000
699,19,2.0,3,5000,8,5.0,6.6,2022,0,12,4,1,266,60,0,0,64,1,0,1,1,2,1,7400
700,52,8.0,3,5000,48,16.0,6.5,2021,0,7,3,1,405,90,1,1,128,1,0,1,1,2,1,18500
701,36,12.0,4,4500,50,16.0,6.62,2022,0,5,0,0,398,120,1,1,256,0,0,1,0,2,1,47000
702,36,12.0,4,4500,48,16.0,6.55,2021,0,5,0,0,402,120,1,1,256,0,0,1,0,2,1,43000
703,53,6.0,3,4500,16,32.0,6.38,2019,0,12,3,0,404,60,1,0,64,1,0,1,1,2,1,15000
704,46,3.0,3,5000,8,5.0,6.52,2022,0,12,4,1,269,60,0,0,32,1,0,1,1,2,1,6700
705,12,12.0,1,5003,50,11.0,6.7,2021,0,5,3,2,513,120,1,1,256,0,0,1,0,2,1,48000
706,40,4.0,5,3500,12,8.0,6.2,2017,0,10,3,0,531,60,1,1,64,1,0,1,1,2,1,34000
707,52,8.0,4,4200,64,32.0,6.6,2020,0,7,0,1,399,120,1,1,128,0,0,1,0,2,1,30000
708,2,3.0,4,5000,13,8.0,5.99,2018,0,14,0,1,403,60,1,0,32,1,0,1,1,2,1,13200
709,1,6.0,0,4325,12,12.0,6.7,2022,2,5,1,2,457,60,1,0,512,0,0,1,0,2,0,111000
710,53,3.0,3,3260,13,5.0,6.22,2018,0,12,4,1,270,60,0,0,32,1,0,1,1,2,1,10000
711,46,4.0,4,3080,12,16.0,5.99,2018,0,14,0,1,269,60,0,0,64,1,0,1,1,2,1,13500
712,52,4.0,3,5000,13,5.0,6.5,2021,0,12,4,1,270,60,0,0,64,1,0,1,1,2,1,10500
713,19,2.0,3,5000,8,5.0,6.1,2020,0,12,4,1,282,60,0,0,32,1,0,1,1,2,1,7500
714,53,4.0,4,3055,16,20.0,5.5,2017,0,12,0,1,401,60,1,0,64,0,0,1,1,2,1,30000
715,25,4.0,3,5000,13,8.0,6.5,2022,0,12,4,1,270,60,0,1,64,1,0,1,1,2,1,8600
716,53,12.0,3,4300,108,50.0,6.56,2022,0,6,3,0,398,90,1,1,256,0,0,1,0,2,1,36000
717,52,8.0,3,4500,50,16.0,6.4,2022,0,6,3,0,411,90,1,1,256,0,0,1,1,2,1,29000
718,19,4.0,3,5000,48,16.0,6.95,2020,0,12,3,1,258,60,1,0,64,1,0,1,1,2,1,15000
719,46,8.0,3,5160,108,16.0,6.67,2022,0,6,3,0,395,120,1,1,128,1,0,1,1,2,1,23000
720,46,6.0,3,5000,13,5.0,6.53,2022,0,12,4,1,269,60,0,0,128,1,0,1,1,2,1,10500
721,38,6.0,3,5000,50,16.0,6.6,2022,0,6,3,1,399,90,1,1,128,1,0,1,1,2,1,17000
722,1,6.0,0,4352,12,12.0,6.7,2021,2,5,1,2,457,120,1,0,256,0,0,1,0,2,0,139900
723,53,4.0,4,3000,16,24.0,5.7,2017,0,12,0,1,282,60,0,0,32,1,0,1,1,2,1,14000
724,38,6.0,3,5000,50,8.0,6.58,2022,0,6,3,1,401,90,1,1,128,1,0,1,1,2,1,11000
725,1,6.0,0,4325,12,12.0,6.7,2022,2,5,1,2,457,60,1,0,256,0,0,1,0,2,0,88900
726,52,3.0,7,5000,13,5.0,6.5,2021,0,12,3,1,270,60,0,0,32,1,0,1,1,2,1,9500
727,46,3.0,4,5000,12,8.0,6.22,2019,0,12,0,1,270,60,1,1,32,1,0,1,1,2,0,7800
729,19,8.0,3,5000,50,16.0,6.95,2021,0,12,3,1,387,120,1,1,128,1,0,1,1,2,1,16000
730,42,4.0,3,5000,50,8.0,6.6,2022,0,12,3,1,400,60,1,0,64,1,0,1,1,2,1,9500
731,35,4.0,3,3500,16,16.0,6.3,2018,0,12,3,1,409,60,1,0,64,1,0,1,1,2,1,15000
732,40,8.0,5,4000,12,8.0,6.4,2018,0,10,3,0,514,60,1,1,512,1,0,1,1,2,1,45000
733,9,12.0,3,10800,108,32.0,6.58,2023,0,6,3,1,401,60,1,1,256,1,0,1,0,2,1,42500
734,53,4.0,3,5000,50,8.0,6.55,2023,0,12,3,1,270,60,1,1,128,1,0,1,1,2,1,15000
735,37,4.0,3,8000,13,5.0,5.5,2023,0,12,4,1,293,60,0,1,64,1,0,1,0,2,1,14000
736,19,4.0,7,5000,13,8.0,6.7,2022,0,12,3,1,393,60,0,1,64,1,0,1,1,2,1,10000
737,53,8.0,4,5000,50,16.0,6.58,2022,0,6,0,1,401,90,1,1,128,1,0,1,1,2,1,16600
738,40,2.0,3,3000,8,5.0,5.3,2020,0,12,4,1,311,60,0,0,32,1,0,1,1,2,0,6500
739,53,3.0,4,2730,13,5.0,5.2,2017,0,12,0,3,282,60,0,0,16,1,0,1,1,2,0,11300
740,42,6.0,3,5000,48,32.0,6.8,2022,0,12,3,1,395,60,1,1,128,1,0,1,1,2,1,14700
741,40,6.0,5,6000,48,8.0,6.5,2021,0,8,3,1,270,90,1,1,128,1,0,1,1,2,1,14000
742,40,3.0,4,5000,13,5.0,6.5,2021,0,12,0,1,270,60,1,1,32,1,0,1,1,2,0,9500
743,12,4.0,4,3000,12,8.0,5.6,2019,0,10,0,2,441,60,1,1,64,0,0,1,1,1,1,15500
744,53,2.0,3,4030,13,5.0,6.22,2019,0,12,4,1,270,60,0,0,16,1,0,1,1,2,0,9000
745,35,8.0,3,4025,64,44.0,6.4,2020,0,12,4,0,411,90,1,1,256,1,0,1,1,2,1,32000
746,37,6.0,3,8000,16,8.0,5.86,2023,0,12,3,1,299,60,1,1,128,1,0,1,1,2,1,22700
747,53,4.0,3,5000,13,5.0,6.51,2023,0,12,4,1,270,60,0,1,128,1,0,1,1,2,1,13000
748,46,6.0,4,4000,12,20.0,5.99,2018,0,14,0,1,403,60,1,0,64,1,0,1,1,2,1,12000
749,1,6.0,0,3200,48,12.0,6.1,2022,2,4,1,2,461,120,1,0,512,0,0,1,0,2,0,150000
750,40,6.0,3,6000,64,20.0,6.4,2021,0,12,3,0,411,90,1,1,128,1,0,1,1,2,1,15500
751,40,4.0,7,5000,48,5.0,6.5,2022,0,12,3,1,270,60,0,0,64,1,0,1,1,2,0,11500
752,19,4.0,3,5000,50,8.0,6.7,2023,0,12,3,0,393,90,1,1,64,1,0,1,1,2,1,10000
753,40,3.0,3,5000,13,5.0,6.5,2022,0,12,4,1,270,60,0,1,64,1,0,1,1,2,0,9000
754,42,4.0,3,5000,50,8.0,6.6,2021,0,12,4,1,400,60,0,0,64,1,0,1,1,2,1,8300
755,38,4.0,3,5000,13,5.0,6.53,2021,0,12,4,1,269,60,0,0,64,1,0,1,1,2,1,8900
756,35,4.0,3,3400,16,25.0,6.23,2018,0,12,3,1,405,60,0,0,64,1,0,1,1,2,1,22000
757,52,12.0,4,5000,50,16.0,6.62,2022,0,5,0,0,398,120,1,1,256,0,0,1,0,2,1,39000
758,52,4.0,7,5000,13,5.0,6.5,2022,0,12,3,1,270,60,0,0,64,1,0,1,1,2,1,10000
759,53,4.0,4,5000,50,8.0,6.58,2022,0,6,0,1,401,90,1,1,128,1,0,1,1,2,1,15200
760,1,4.0,0,2815,12,12.0,6.1,2020,2,5,1,2,457,60,1,0,256,0,0,1,0,2,0,67000
761,52,8.0,4,5000,108,16.0,6.4,2022,0,6,0,0,411,90,1,1,128,1,0,1,1,2,1,18000
762,46,6.0,3,5000,13,5.0,6.53,2021,0,12,4,1,269,60,0,0,128,1,0,1,1,2,1,11000
763,53,4.0,3,5000,13,8.0,6.51,2021,0,12,3,1,270,60,1,0,64,1,0,1,1,2,1,13000
764,53,6.0,4,5000,50,8.0,6.58,2022,0,6,0,1,401,90,1,1,128,1,0,1,1,2,1,15000
765,35,8.0,4,5000,50,16.0,6.59,2022,0,6,0,1,401,90,1,1,128,1,0,1,1,2,1,17000
766,42,3.0,3,6000,8,5.0,6.52,2022,0,12,4,1,269,60,0,0,32,1,0,1,1,2,0,8200
767,35,6.0,3,5000,50,16.0,6.51,2021,0,12,4,1,270,60,1,1,128,1,0,1,1,2,1,14700
768,46,8.0,4,4520,48,20.0,6.67,2021,0,7,0,0,395,120,1,1,128,0,0,1,0,2,1,25000
769,1,4.0,0,2227,12,12.0,5.4,2020,2,5,1,2,477,60,1,0,128,0,0,1,0,2,0,56000
770,32,4.0,4,3500,12,20.0,6.18,2018,0,10,0,1,403,60,1,1,64,1,0,1,1,2,1,27800
771,53,2.0,4,2350,8,5.0,5.0,2016,0,12,0,1,220,60,0,0,16,1,0,1,1,2,0,9700
772,32,3.0,7,5050,13,5.0,6.5,2022,0,28,4,1,270,60,0,0,32,1,0,1,1,2,1,8300
773,2,12.0,4,6000,64,24.0,6.78,2022,0,5,0,0,395,144,1,1,256,0,0,1,1,2,1,58000
774,53,3.0,4,5000,13,8.0,6.51,2021,0,12,0,1,270,60,0,0,64,1,0,1,1,2,1,11300
775,15,3.0,2,3000,13,16.0,5.84,2018,0,16,3,1,432,60,0,0,32,1,0,1,1,2,1,9500
776,53,3.0,4,3000,13,16.0,5.5,2017,0,12,0,1,267,60,0,0,32,1,0,1,1,2,0,14000
777,32,3.0,3,3060,13,8.0,5.86,2018,0,12,3,1,287,60,1,1,32,1,0,1,1,2,1,10000
778,19,8.0,7,5000,50,8.0,6.6,2022,0,12,3,1,267,90,1,1,128,1,0,1,1,2,1,11300
779,19,6.0,3,5000,50,16.0,6.7,2022,0,12,3,0,393,60,1,1,128,1,0,1,1,2,1,13000
780,52,4.0,4,5000,50,16.0,6.6,2022,0,6,0,1,400,90,1,1,128,1,0,1,1,2,1,13900
781,32,3.0,4,3000,16,8.0,5.5,2017,0,28,0,1,401,60,0,0,32,1,0,1,1,2,1,15500
782,52,12.0,3,4500,64,16.0,6.43,2021,0,6,3,0,409,120,1,1,256,0,0,1,1,2,1,30000
783,52,8.0,4,4500,108,16.0,6.4,2021,0,8,0,0,411,60,1,1,128,1,0,1,1,2,1,20000
784,40,4.0,3,5000,48,8.0,6.5,2021,0,12,4,1,270,60,1,1,128,1,0,1,1,2,1,12600
785,35,2.0,3,4230,13,5.0,6.22,2020,0,12,4,1,270,60,0,0,32,1,0,1,1,2,1,9000
786,52,6.0,7,5000,50,8.0,6.6,2022,0,12,3,1,400,60,1,1,128,1,0,1,1,2,1,14000
787,38,6.0,3,5000,64,16.0,6.43,2022,0,12,3,0,409,90,1,1,128,1,0,1,1,2,1,13800
788,53,8.0,4,4000,64,44.0,6.44,2020,0,8,0,0,409,60,1,1,256,1,0,1,1,2,1,28000
789,53,3.0,3,4030,13,8.0,6.22,2019,0,12,4,1,270,60,0,0,64,1,0,1,1,2,1,13000
790,32,2.0,3,2630,8,8.0,5.0,2017,0,28,3,1,294,60,0,0,16,1,0,1,1,2,0,8700
791,46,8.0,4,4520,108,20.0,6.67,2021,0,5,0,0,395,120,1,1,256,0,0,1,0,2,1,32300
792,15,6.0,2,3400,16,24.0,5.84,2018,0,10,3,1,432,60,1,1,128,0,0,1,1,2,1,36000
793,51,12.0,4,4700,50,16.0,6.78,2022,0,4,0,0,388,120,1,1,256,0,0,1,0,2,1,54500
794,30,4.0,3,5000,16,8.0,6.5,2022,0,12,4,1,270,90,1,1,64,1,0,1,1,2,1,11900
795,19,4.0,3,6000,13,8.0,6.82,2021,0,12,4,1,263,60,0,0,64,1,0,1,1,2,1,9500
796,1,3.0,0,2675,12,7.0,5.5,2017,2,10,1,1,401,60,1,0,256,0,0,1,0,1,1,84900
797,40,4.0,3,5000,13,5.0,6.5,2022,0,12,4,1,270,60,0,1,128,1,0,1,1,2,0,11000
798,21,3.0,7,4000,8,5.0,6.08,2020,0,28,3,1,283,60,0,0,32,1,0,1,1,2,1,6700
799,53,6.0,3,5000,13,8.0,6.47,2020,0,12,4,1,266,60,0,1,128,1,0,1,1,2,1,14700
800,32,3.0,7,4000,8,5.0,6.3,2023,0,22,4,1,278,60,0,0,64,1,0,1,1,2,0,7300
801,46,4.0,3,5000,13,5.0,6.53,2021,0,12,4,1,269,60,0,0,64,1,0,1,1,2,1,8600
802,36,12.0,3,4500,50,32.0,6.43,2021,0,6,3,0,409,90,1,1,256,0,0,1,0,2,1,35000
803,42,2.0,3,6000,16,8.0,6.52,2021,0,12,4,1,269,60,0,0,32,1,0,1,1,2,1,8100
804,53,4.0,4,5000,16,16.0,6.53,2019,0,11,0,1,395,60,1,0,64,1,0,1,1,2,1,15000
805,46,4.0,4,5300,12,5.0,6.4,2017,0,12,0,1,344,60,1,1,64,1,0,1,1,2,1,15000
806,40,6.0,5,5000,48,13.0,6.5,2020,0,8,3,1,270,60,1,1,128,1,0,1,1,2,1,17500
807,53,3.0,4,5000,13,8.0,6.51,2022,0,6,0,1,270,60,1,1,64,1,0,1,1,2,1,11600
808,21,3.0,7,5000,8,5.0,6.6,2022,0,28,4,1,266,60,1,0,64,1,0,1,1,2,1,8000
809,40,12.0,4,4400,12,10.0,7.6,2021,0,5,0,0,372,120,1,1,512,0,0,1,0,2,1,166400
810,38,6.0,4,6000,64,20.0,6.67,2020,0,8,0,1,395,120,1,1,128,1,0,1,1,2,1,20900
811,46,3.0,4,5000,13,8.0,6.22,2020,0,12,0,1,270,60,1,1,64,1,0,1,1,2,0,8500
812,40,8.0,5,3400,12,10.0,6.1,2019,0,7,3,0,551,60,1,1,512,1,0,1,1,2,1,71400
813,42,4.0,3,6000,16,16.0,7.0,2020,0,12,4,1,256,60,1,0,64,1,0,1,1,2,1,12000
814,42,3.0,3,5000,12,5.0,6.56,2023,0,12,4,1,269,60,0,1,64,1,0,1,1,2,0,7300
815,52,4.0,7,5000,8,5.0,6.5,2022,0,28,4,1,270,60,0,0,64,1,0,1,1,2,1,8200
816,46,4.0,3,6000,50,8.0,6.5,2022,0,12,3,1,405,90,1,1,64,1,0,1,1,2,1,11000
817,53,8.0,4,5000,50,16.0,6.44,2022,0,6,0,0,409,60,1,1,128,1,0,1,1,2,1,18000
818,9,8.0,3,6000,64,16.0,6.43,2022,0,7,3,0,409,60,1,1,256,1,0,1,0,2,1,49500
819,46,6.0,4,5000,50,13.0,6.43,2022,0,6,0,0,409,90,1,1,64,1,0,1,1,2,1,13000
820,53,4.0,4,3260,16,16.0,6.3,2018,0,14,0,1,400,60,0,0,32,1,0,1,1,2,1,22000
822,35,4.0,3,5000,50,16.0,6.51,2023,0,12,4,1,270,60,1,1,128,1,0,1,1,2,1,14000
823,53,8.0,4,4500,48,32.0,6.44,2020,0,10,0,0,409,60,1,1,256,1,0,1,1,2,1,27000
824,9,6.0,3,5180,48,16.0,6.0,2023,0,12,4,1,268,60,1,1,128,1,0,1,0,2,1,24000
825,12,4.0,4,3520,12,8.0,6.0,2017,0,12,0,2,537,60,1,1,128,0,0,1,0,1,1,25000
826,53,3.0,3,5000,13,5.0,6.51,2022,0,12,4,1,270,60,0,1,64,1,0,1,1,2,1,10500
827,40,12.0,4,4400,50,10.0,7.6,2022,0,4,0,0,373,120,1,1,512,0,0,1,0,2,1,165000
828,17,4.0,8,5000,20,13.0,6.53,2022,0,12,3,1,269,60,0,1,64,1,0,1,1,2,1,6800
829,42,2.0,8,5000,13,8.0,6.52,2021,0,12,3,1,269,60,0,0,32,1,0,1,1,2,1,7500
830,42,2.0,3,5000,16,8.0,6.52,2021,0,12,4,1,269,60,0,0,64,1,0,1,1,2,1,8200
831,19,4.0,3,4000,48,16.0,6.53,2020,0,12,4,1,378,60,0,0,64,1,0,1,1,2,1,12000
832,25,6.0,3,5000,13,16.0,6.51,2021,0,12,4,1,270,60,0,1,64,1,0,1,1,2,1,9600
833,29,1.0,3,2500,5,0.0,6.0,2014,0,12,3,3,163,60,0,0,8,1,0,1,1,2,0,7000
834,25,3.0,3,5000,8,5.0,6.51,2021,0,12,3,1,270,60,0,1,32,1,0,1,1,2,1,6500
835,16,3.0,2,3000,12,8.0,5.2,2016,0,12,3,1,424,60,1,1,32,1,0,1,1,1,1,40000
836,25,3.0,3,5000,13,8.0,6.51,2022,0,12,3,1,270,60,0,1,32,1,0,1,1,2,1,7300
837,1,6.0,0,3279,12,12.0,6.1,2022,2,5,1,2,457,60,1,0,512,0,0,1,0,2,0,101000
838,19,6.0,3,6000,48,8.0,6.82,2021,0,12,3,1,263,90,0,0,64,1,0,1,1,2,1,11000
839,40,8.0,4,3700,12,10.0,6.7,2022,0,4,0,0,426,120,1,1,256,0,0,1,0,2,1,71900
840,40,8.0,4,3300,12,10.0,6.7,2021,0,5,0,0,426,120,1,1,256,0,0,1,0,2,1,74000
841,53,12.0,3,4500,50,32.0,6.78,2022,0,4,3,0,388,120,1,1,256,0,0,1,0,2,1,54000
842,53,1.0,4,2000,5,2.0,4.5,2016,0,12,0,1,218,60,0,0,16,1,0,1,1,2,0,26000
843,53,3.0,4,2550,13,8.0,5.0,2016,0,12,0,1,294,60,0,0,32,1,0,1,1,2,1,17500
845,17,4.0,8,5000,20,13.0,6.53,2022,0,12,3,1,269,60,0,1,64,1,0,1,1,2,1,6500
846,40,3.0,4,5000,13,5.0,6.5,2021,0,14,0,1,270,60,1,1,32,1,0,1,1,2,0,9500
847,19,3.0,3,5000,8,5.0,6.82,2022,0,12,4,1,257,60,0,0,64,1,0,1,1,2,1,8300
848,46,8.0,4,5000,108,16.0,6.67,2022,0,5,0,0,395,120,1,1,256,0,0,1,0,2,1,31500
849,52,4.0,3,5000,12,5.0,6.5,2020,0,12,3,1,270,60,0,0,64,1,0,1,1,2,0,9700
850,32,4.0,4,4000,48,16.0,6.39,2021,0,11,0,1,269,60,0,1,64,1,0,1,1,2,1,10400
851,53,8.0,4,4000,64,44.0,6.44,2020,0,8,0,0,409,60,1,1,128,1,0,1,1,2,1,25000
852,42,3.0,3,6000,13,8.0,7.0,2020,0,12,4,1,256,60,0,0,32,1,0,1,1,2,1,10000
853,28,1.0,4,2300,8,5.0,5.0,2016,0,12,0,1,294,60,0,0,16,1,0,1,1,2,0,7000
854,17,6.0,8,5000,13,8.0,6.5,2023,0,12,3,1,270,60,0,1,128,1,0,1,1,2,1,9000
855,43,6.0,3,10000,20,16.0,6.52,2022,0,12,3,1,269,60,1,1,128,1,0,1,1,2,1,35800
856,35,4.0,3,4230,13,5.0,6.52,2022,0,12,4,1,269,60,0,0,64,1,0,1,1,2,0,10000
857,52,4.0,3,6000,50,8.0,6.5,2021,0,12,3,1,270,60,1,1,128,1,0,1,1,2,1,10300
858,53,8.0,3,5000,64,16.0,6.58,2021,0,12,3,1,401,60,1,1,128,1,0,1,1,2,1,15500
859,52,4.0,3,6000,13,8.0,6.5,2021,0,12,3,1,270,60,1,1,64,1,0,1,1,2,1,10000
860,35,4.0,3,4230,13,8.0,6.52,2021,0,12,4,1,269,60,0,0,128,1,0,1,1,2,1,13000
861,38,8.0,4,4000,12,20.0,6.18,2018,0,10,0,1,403,60,1,1,256,1,0,1,1,2,1,17000
862,32,3.0,4,3000,16,8.0,5.5,2018,0,14,0,1,401,60,1,1,32,1,0,1,1,2,1,17300
866,52,6.0,3,5000,64,16.0,6.4,2021,0,12,3,0,411,60,1,1,128,1,0,1,1,2,1,17000
867,38,6.0,4,6000,48,8.0,6.53,2021,0,11,0,1,395,60,1,1,128,1,0,1,1,2,1,15000
868,46,8.0,4,4250,64,16.0,6.55,2021,0,8,0,0,402,90,1,1,128,1,0,1,0,2,1,19000
869,52,4.0,3,5000,48,16.0,6.5,2021,0,7,3,1,405,90,1,1,64,1,0,1,1,2,1,15500
870,46,4.0,4,4000,48,13.0,6.3,2019,0,14,0,1,409,60,1,1,64,1,0,1,1,2,1,10900
871,53,3.0,3,5000,13,8.0,6.51,2022,0,12,4,1,270,60,0,0,64,1,0,1,1,2,1,10500
872,40,6.0,5,5000,50,8.0,6.6,2022,0,8,3,1,400,60,1,1,128,1,0,1,1,2,1,14500
873,42,2.0,3,3000,8,5.0,6.1,2019,0,12,4,1,273,60,0,0,16,1,0,1,1,2,0,6500
874,16,4.0,2,3340,24,32.0,6.15,2019,0,12,3,1,415,60,1,1,128,1,0,1,1,2,1,23000
875,52,8.0,3,5000,48,16.0,6.5,2021,0,7,3,1,405,120,1,1,128,1,0,1,1,2,1,20000
876,53,8.0,3,4000,64,44.0,6.44,2021,0,7,3,0,409,90,1,1,256,1,0,1,0,2,1,28000
877,38,6.0,3,5000,13,8.0,6.53,2020,0,12,3,1,395,60,1,1,128,1,0,1,1,2,1,12000
878,35,8.0,4,3700,12,25.0,6.4,2018,0,10,0,0,403,60,1,1,128,0,0,1,0,2,1,46000
879,13,2.0,3,2800,13,5.0,5.5,2015,0,12,3,1,267,60,0,0,16,1,0,1,1,2,0,8000
880,13,1.0,3,2100,8,5.0,5.0,2014,0,12,3,1,294,60,0,0,8,1,0,1,1,2,0,8300
881,40,4.0,5,5000,50,13.0,6.6,2023,0,8,3,1,400,60,0,1,128,1,0,1,1,2,1,15000
882,17,4.0,8,5000,20,13.0,6.82,2022,0,12,3,1,252,60,0,1,64,1,0,1,1,2,1,7500
883,46,8.0,3,4500,108,16.0,6.67,2022,0,6,3,0,395,120,1,1,128,1,0,1,1,2,1,25000
884,52,12.0,4,5000,64,16.0,6.62,2021,0,7,0,0,398,120,1,1,256,0,0,1,0,2,1,36000
885,32,2.0,7,4950,8,5.0,6.5,2021,0,28,4,1,270,60,0,0,32,1,0,1,1,2,0,7700
886,38,8.0,3,5065,64,16.0,6.67,2021,0,6,3,0,395,120,1,1,128,0,0,1,0,2,1,35000
887,52,4.0,3,6000,13,8.0,6.5,2021,0,12,3,1,270,60,1,1,128,1,0,1,1,2,1,11000
888,38,6.0,4,4500,64,20.0,6.67,2020,0,8,0,1,395,120,1,1,128,1,0,1,1,2,1,15400
889,36,8.0,4,3700,16,16.0,6.41,2018,0,10,0,0,402,60,1,1,256,0,0,1,0,2,1,32000
890,38,8.0,4,4000,12,20.0,6.18,2018,0,10,0,1,403,60,1,1,256,1,0,1,1,2,1,16000
891,42,4.0,3,4000,13,16.0,5.5,2017,0,12,3,1,401,60,1,0,32,1,0,1,1,2,1,9000
893,37,8.0,3,8000,48,16.0,6.67,2023,0,7,3,1,395,60,1,1,128,1,0,1,1,2,1,30600
894,1,6.0,0,3200,48,12.0,6.1,2022,2,4,1,2,461,120,1,0,1,0,0,1,0,2,0,168000
895,38,4.0,4,6000,48,8.0,6.53,2021,0,11,0,1,395,60,1,1,64,1,0,1,1,2,1,12000
906,46,8.0,3,4500,64,20.0,6.53,2019,0,12,3,1,395,60,1,1,128,1,0,1,1,2,1,18000
907,53,3.0,3,4030,13,5.0,6.22,2021,0,12,4,1,270,60,0,0,32,1,0,1,1,2,0,9200
908,53,4.0,3,5000,13,8.0,6.51,2022,0,12,3,1,270,60,1,1,64,1,0,1,1,2,1,13200
909,42,3.0,7,5000,13,8.0,6.6,2022,0,12,3,1,267,90,0,0,64,1,0,1,1,2,1,7700
910,32,3.0,7,6000,13,5.0,6.82,2021,0,28,4,1,263,60,0,0,32,1,0,1,1,2,1,8500
911,52,8.0,4,4300,64,32.0,6.43,2021,0,6,0,0,409,120,1,1,128,0,0,1,1,2,1,28000
912,40,2.0,3,5000,13,5.0,6.5,2021,0,28,4,1,270,60,0,0,32,1,0,1,1,2,0,8000
913,29,4.0,3,5000,13,8.0,6.52,2020,0,12,4,1,269,60,0,1,64,1,0,1,1,2,1,8000
914,46,3.0,4,5000,13,8.0,6.22,2020,0,12,0,1,270,60,1,1,32,1,0,1,1,2,0,8300
915,42,2.0,3,4000,8,8.0,6.52,2020,0,12,4,3,269,60,0,0,32,1,0,1,1,2,1,8800
916,1,2.0,0,1821,12,7.0,4.7,2017,2,10,1,1,326,60,1,0,256,0,0,1,0,1,1,77000
917,1,4.0,0,3227,12,12.0,6.1,2021,2,5,1,2,457,60,1,0,512,0,0,1,0,2,0,92000
918,46,2.0,4,4000,12,5.0,5.45,2019,0,12,0,1,295,60,0,0,32,1,0,1,1,2,0,8000
919,19,3.0,3,4500,12,16.0,5.99,2018,0,16,3,1,403,60,1,0,32,1,0,1,1,2,1,7500
920,11,4.0,3,4010,13,16.0,5.5,2017,0,28,3,1,401,60,1,0,64,1,0,1,1,2,1,17000
921,19,4.0,3,5000,50,8.0,6.78,2022,0,12,3,1,399,90,1,1,128,1,0,1,1,2,1,12000
922,32,4.0,4,4000,13,8.0,6.39,2021,0,11,0,1,269,60,0,1,64,1,0,1,1,2,1,8500
923,10,8.0,3,3500,48,24.0,6.53,2022,0,12,3,0,337,60,0,0,256,1,0,1,1,2,1,12000
925,40,4.0,3,5000,13,5.0,6.5,2021,0,12,4,1,270,60,0,1,64,1,0,1,1,2,1,10500
926,25,2.0,3,6000,13,8.0,7.0,2021,0,12,3,1,256,60,0,1,32,1,0,1,1,2,0,7800
927,2,4.0,4,5000,13,8.0,5.99,2018,0,14,0,1,403,60,1,0,64,1,0,1,1,2,1,15600
928,42,3.0,3,5000,13,8.0,6.6,2022,0,12,4,1,266,90,0,0,64,1,0,1,1,2,1,9000
929,42,4.0,3,5000,50,8.0,6.6,2022,0,12,4,1,400,60,1,0,64,1,0,1,1,2,1,8500
930,40,4.0,5,5000,50,8.0,6.6,2022,0,8,3,1,400,60,1,1,128,1,0,1,1,2,1,13800
931,19,6.0,3,5000,50,16.0,6.7,2022,0,12,3,0,393,60,1,1,128,1,0,1,1,2,1,15000
932,40,8.0,5,4500,12,32.0,6.5,2021,0,7,3,0,405,120,1,1,256,1,0,1,0,2,1,60000
933,53,2.0,4,3360,8,5.0,6.0,2018,0,28,0,1,268,60,0,0,16,1,0,1,1,2,0,7900
934,53,3.0,4,4030,13,8.0,6.22,2019,0,12,0,1,270,60,0,0,32,1,0,1,1,2,1,10000
935,53,4.0,3,3000,13,20.0,5.5,2017,0,12,3,1,267,60,0,0,64,1,0,1,1,2,1,21000
936,42,4.0,7,5000,13,8.0,6.6,2022,0,12,3,1,267,90,0,0,64,1,0,1,1,2,1,8700
937,25,3.0,3,4000,8,5.0,6.5,2022,0,12,4,1,270,60,0,1,32,1,0,1,1,2,1,7000
938,53,4.0,4,5000,50,8.0,6.58,2022,0,6,0,1,401,90,1,1,128,1,0,1,1,2,1,13000
939,46,4.0,4,5020,48,16.0,6.67,2021,0,8,0,1,395,60,1,1,128,1,0,1,1,2,1,10800
940,42,2.0,3,3500,13,16.0,6.2,2019,0,12,4,1,271,60,0,0,32,1,0,1,1,2,1,11900
941,53,4.0,4,3000,13,8.0,5.5,2016,0,12,0,1,401,60,0,0,32,1,0,1,1,2,1,18000
942,22,1.0,8,1500,5,0.0,4.0,2014,0,12,0,1,233,60,0,0,4,1,0,1,1,2,0,10000
943,53,4.0,3,5000,13,8.0,6.51,2022,0,12,4,1,270,60,1,1,64,1,0,1,1,2,1,13200
944,1,6.0,0,2815,12,12.0,6.1,2020,2,5,1,2,457,60,1,0,512,0,0,1,0,2,0,106700
945,12,4.0,4,3700,12,8.0,6.0,2019,0,10,0,2,402,60,1,1,64,0,0,1,1,1,1,15000
946,35,6.0,3,3400,16,25.0,6.23,2018,0,12,3,1,405,60,0,0,128,1,0,1,1,2,1,27000
947,46,6.0,4,6000,48,8.0,6.53,2021,0,11,0,1,395,60,1,1,128,1,0,1,1,2,1,12400
948,17,4.0,8,5000,20,13.0,6.82,2022,0,12,3,1,257,60,0,1,64,1,0,1,1,2,1,6900
949,1,6.0,0,4352,12,12.0,6.7,2021,2,5,1,2,457,120,1,0,1,0,0,1,0,2,0,156200
950,26,2.0,3,2900,13,5.0,5.5,2015,0,12,3,1,401,60,0,0,16,1,0,1,1,2,0,10000
951,9,8.0,3,12000,64,16.0,6.3,2023,0,12,4,1,409,60,1,1,256,1,0,1,1,2,1,42500
952,42,4.0,3,5000,48,8.0,6.6,2021,0,12,3,1,266,90,0,0,64,1,0,1,1,2,1,10000
953,52,8.0,4,4200,64,32.0,6.6,2020,0,7,0,1,399,120,1,1,256,0,0,1,0,2,1,32000
954,24,3.0,3,4000,12,16.0,6.26,2019,0,12,4,1,266,60,0,0,32,1,0,1,1,2,1,10000
955,46,4.0,4,4000,12,13.0,6.3,2019,0,14,0,1,409,60,1,1,64,1,0,1,1,2,1,11000
959,42,2.0,3,4000,13,8.0,5.5,2017,0,12,3,1,267,60,1,0,16,1,0,1,1,2,1,12000
960,13,2.0,4,2200,13,5.0,5.0,2016,0,12,0,1,294,60,0,0,16,1,0,1,1,2,0,15000
961,53,4.0,4,4500,48,32.0,6.38,2019,0,10,0,0,404,60,1,1,128,0,0,1,1,2,1,16000
962,42,2.0,3,3050,8,8.0,5.0,2017,0,12,3,1,294,60,0,0,16,1,0,1,1,2,0,7800
963,40,4.0,5,5000,50,5.0,6.5,2023,0,8,3,1,270,90,1,1,128,1,0,1,1,2,1,13500
964,40,8.0,3,5000,64,8.0,6.6,2021,0,7,3,3,400,90,1,1,128,1,0,1,1,2,1,23000
965,1,6.0,0,3095,12,12.0,6.1,2021,2,5,1,2,457,120,1,0,512,0,0,1,0,2,0,92000
966,46,4.0,3,5020,48,13.0,6.53,2020,0,12,3,1,395,60,1,1,128,1,0,1,1,2,1,15000
967,18,4.0,3,3000,13,8.0,5.2,2017,0,12,3,1,282,60,0,0,64,1,0,1,1,2,1,9000
968,27,1.0,6,2000,8,2.0,5.0,2017,0,12,3,1,294,60,0,0,16,1,0,1,1,2,0,6100
969,53,2.0,4,2650,8,5.0,5.2,2016,0,12,0,1,282,60,0,0,16,1,0,1,1,2,0,12000
970,53,1.0,3,1900,5,2.0,4.5,2016,0,12,3,1,218,60,0,0,16,1,0,1,1,2,0,7500
971,42,3.0,3,5000,13,5.0,6.56,2023,0,12,4,1,269,60,0,1,64,1,0,1,1,2,1,7600
972,9,8.0,3,6000,48,16.0,6.3,2023,0,12,3,1,409,60,1,1,256,1,0,1,0,2,1,49800
973,25,2.0,3,5000,8,5.0,6.5,2022,0,12,4,1,270,60,0,1,32,1,0,1,1,2,1,6700
974,29,6.0,7,5000,13,5.0,6.52,2021,0,12,3,1,269,60,0,1,64,1,0,1,1,2,1,8000
975,19,3.0,3,6000,13,8.0,6.82,2021,0,12,4,1,263,60,0,0,32,1,0,1,1,2,1,8700
976,42,2.0,3,5000,13,8.0,6.52,2021,0,12,4,3,269,60,0,0,32,1,0,1,1,2,1,7500
977,40,6.0,5,5000,48,13.0,6.5,2020,0,8,3,1,270,60,1,1,64,1,0,1,1,2,1,12300
978,42,2.0,3,3050,13,13.0,5.5,2018,0,12,4,1,293,60,0,0,16,1,0,1,1,2,1,9000
979,42,2.0,3,3050,13,8.0,5.45,2018,0,12,4,1,197,60,0,0,16,1,0,1,1,2,1,10400
980,32,3.0,4,3000,13,8.0,5.2,2017,0,28,0,1,282,60,0,0,16,1,0,1,1,2,1,12500
981,30,3.0,3,5000,13,5.0,5.5,2017,0,28,3,1,267,60,1,0,32,1,0,1,1,2,1,10000
982,13,1.0,3,2600,13,8.0,5.5,2015,0,12,3,1,267,60,0,0,16,1,0,1,1,2,0,14500
983,29,2.0,3,2000,13,5.0,5.0,2013,0,12,4,1,441,60,0,0,16,0,0,1,1,2,0,12000
984,42,4.0,3,5000,13,5.0,6.56,2023,0,12,4,1,269,60,0,1,64,1,0,1,1,2,1,8000
985,52,4.0,7,5000,13,5.0,6.5,2021,0,12,3,1,270,60,0,0,64,1,0,1,1,2,1,10500
986,42,4.0,3,5000,13,8.0,6.52,2020,0,12,4,3,269,60,0,0,64,1,0,1,1,2,1,10000
987,52,4.0,3,6000,48,8.0,6.5,2020,0,12,3,1,270,60,1,1,128,1,0,1,1,2,1,13500
988,31,4.0,5,3500,12,12.0,6.3,2019,0,12,3,1,435,60,0,1,128,1,0,1,1,2,1,14000
989,19,2.0,3,3500,13,8.0,6.21,2019,0,12,4,1,271,60,0,0,32,1,0,1,1,2,1,8500
990,53,0.0,3,1900,5,2.0,4.5,2014,0,12,3,1,218,60,0,0,4,1,0,1,1,2,0,6500
991,21,3.0,7,6000,13,5.0,6.6,2023,0,28,4,1,267,60,1,1,32,1,0,1,1,2,1,6900
992,42,2.0,3,5000,8,5.0,6.52,2022,0,12,4,1,269,60,0,0,32,1,0,1,1,2,0,7200
993,32,4.0,7,6000,13,5.0,6.82,2021,0,28,4,1,263,60,0,0,64,1,0,1,1,2,1,9900
994,53,3.0,4,5000,13,8.0,6.51,2021,0,12,0,1,270,60,0,0,32,1,0,1,1,2,1,9400
996,30,4.0,4,5000,48,8.0,6.5,2020,0,12,0,1,270,60,0,0,64,1,0,1,1,2,1,10000
997,39,3.0,3,2350,13,5.0,5.0,2016,0,12,3,1,294,60,0,0,32,1,0,1,1,2,0,14000
1003,25,3.0,8,3950,13,13.0,6.08,2020,0,12,3,1,283,60,0,0,32,1,0,1,1,2,1,6100
1004,46,3.0,4,4000,12,8.0,6.26,2019,0,14,0,1,269,60,0,0,32,1,0,1,1,2,1,9000
1005,9,8.0,7,4200,50,8.0,6.52,2023,0,12,3,1,269,60,1,1,128,1,0,1,1,2,1,20800
1006,17,4.0,8,5000,20,13.0,6.53,2022,0,12,3,1,269,60,0,1,64,1,0,1,1,2,0,6800
1007,52,4.0,7,5000,50,8.0,6.5,2021,0,12,3,1,270,60,1,0,64,1,0,1,1,2,1,10000
1008,32,4.0,3,5050,13,8.0,6.5,2021,0,12,4,1,270,60,0,1,64,1,0,1,1,2,1,8900
1009,40,3.0,3,5000,13,5.0,6.5,2021,0,28,4,1,270,60,0,0,32,1,0,1,1,2,0,7900
1010,32,3.0,3,4500,13,5.0,6.5,2020,0,12,4,1,270,60,0,0,64,1,0,1,1,2,1,9500
1011,52,3.0,4,6000,13,8.0,6.5,2020,0,11,0,1,270,60,1,0,32,1,0,1,1,2,1,12000
1012,53,2.0,3,4030,13,5.0,6.22,2019,0,12,4,1,270,60,0,0,32,1,0,1,1,2,0,8500
1013,29,2.0,3,4000,13,8.0,6.19,2018,0,12,4,1,269,60,0,0,32,1,0,1,1,2,1,6200
1014,32,3.0,3,2990,13,8.0,5.2,2018,0,28,3,1,310,60,0,0,32,1,0,1,1,2,0,7000
1015,11,4.0,4,3030,13,16.0,5.7,2018,0,12,0,1,282,60,0,0,32,1,0,1,1,2,1,7000
1016,39,2.0,3,4000,8,8.0,5.45,2018,0,12,3,1,295,60,0,0,16,1,0,1,1,2,1,7000
1017,26,4.0,3,4000,13,13.0,5.5,2017,0,20,3,1,401,60,1,0,64,1,0,1,1,2,1,8000
1018,42,3.0,3,3050,8,8.0,5.0,2017,0,12,3,1,294,60,0,0,16,1,0,1,1,2,1,10600
1019,42,3.0,3,4000,13,8.0,5.5,2017,0,12,3,1,267,60,1,0,32,1,0,1,1,2,1,12600
1020,13,3.0,3,2200,13,5.0,5.0,2016,0,12,3,1,294,60,1,0,32,1,0,1,1,2,0,14000
1021,11,1.0,3,2000,5,2.0,5.0,2016,0,12,3,1,294,60,0,0,16,1,0,1,1,2,0,6000
1022,13,2.0,3,2800,13,4.0,5.5,2015,0,12,3,1,401,60,0,0,16,1,0,1,1,2,0,8000
1024,43,4.0,3,9600,16,8.0,5.93,2022,0,12,4,1,271,60,1,1,64,1,0,1,1,2,1,32500
1026,1,4.0,0,2018,12,7.0,4.7,2022,2,5,1,1,326,60,1,0,256,0,0,1,0,2,1,64900
1027,51,12.0,4,4350,48,16.0,6.56,2022,0,5,0,0,398,120,1,1,256,0,0,1,0,2,1,37000
1028,43,8.0,3,5180,48,16.0,6.52,2021,0,7,3,1,269,60,1,1,128,1,0,1,0,2,1,41500
1029,32,3.0,7,4950,8,5.0,6.5,2021,0,28,4,1,270,60,0,0,32,1,0,1,1,2,0,8200
1030,53,3.0,4,5000,13,8.0,6.51,2021,0,12,0,1,270,60,0,0,32,1,0,1,1,2,1,11000
1031,17,4.0,8,4000,13,8.0,6.51,2021,1,12,3,1,264,60,0,1,64,1,0,1,1,2,1,6800
1032,30,4.0,3,5000,13,5.0,6.5,2021,0,12,4,1,270,60,0,1,64,1,0,1,1,2,1,9500
1033,25,2.0,3,5000,13,8.0,6.51,2021,0,12,4,1,270,60,0,1,32,1,0,1,1,2,0,7000
1034,53,6.0,4,5000,16,16.0,6.53,2019,0,11,0,1,395,60,1,0,64,1,0,1,1,2,1,15000
1035,46,6.0,4,4000,12,20.0,6.26,2018,0,14,0,1,403,60,1,0,64,1,0,1,1,2,1,13000
1036,53,4.0,3,3260,13,5.0,6.22,2018,0,12,4,1,270,60,0,0,32,1,0,1,1,2,1,15000
1037,42,2.0,3,3750,13,8.0,6.2,2018,0,12,4,1,271,60,0,0,32,1,0,1,1,2,1,8500
1038,15,3.0,4,3000,13,8.0,5.7,2018,0,28,0,1,282,60,0,0,32,1,0,1,1,2,1,9000
1039,53,4.0,4,3360,13,5.0,6.0,2018,0,12,0,1,268,60,0,0,32,1,0,1,1,2,0,18000
1040,25,4.0,3,3020,13,8.0,5.5,2017,0,12,3,1,267,60,0,0,32,1,0,1,1,2,1,6600
1041,26,3.0,4,4000,13,8.0,5.0,2016,0,12,0,1,441,60,0,0,32,1,0,1,1,2,1,11000
1042,20,2.0,6,2000,8,5.0,5.0,2015,0,12,3,1,196,60,0,0,16,1,0,1,1,2,0,6200
1043,13,1.0,6,2000,8,2.0,4.5,2015,0,12,3,3,218,60,0,0,8,1,0,1,1,2,0,8400
1044,17,4.0,8,4000,13,8.0,6.25,2023,0,12,3,1,269,60,0,1,64,1,0,1,1,2,1,6300
1045,40,4.0,3,5000,50,5.0,6.5,2022,0,12,4,1,270,60,0,1,128,1,0,1,1,2,0,13000
1046,37,4.0,3,4000,13,5.0,5.5,2022,0,12,4,1,293,60,0,1,32,1,0,1,0,2,1,15600
1047,17,4.0,8,5000,20,13.0,6.82,2022,0,12,3,1,247,60,0,1,64,1,0,1,1,2,1,7000
1048,1,4.0,0,2406,12,12.0,5.4,2021,2,5,1,2,477,60,1,0,512,0,0,1,0,2,0,90000
1049,25,3.0,3,5000,13,8.0,6.51,2021,0,12,4,1,270,60,0,1,32,1,0,1,1,2,0,7400
1050,32,2.0,3,4000,13,5.0,6.2,2019,0,12,4,1,271,60,0,0,32,1,0,1,1,2,0,8200
1051,8,4.0,7,3000,8,5.0,5.71,2019,0,28,4,1,295,60,0,0,64,1,0,1,1,2,1,6500
1052,42,4.0,3,3750,13,24.0,6.2,2018,0,12,4,1,268,60,1,0,64,1,0,1,1,2,1,11500
1053,42,3.0,3,3050,13,13.0,5.65,2018,0,12,3,1,285,60,0,0,32,1,0,1,1,2,1,9000
1054,29,2.0,4,2500,13,5.0,5.0,2015,0,12,0,1,294,60,0,0,16,1,0,1,1,2,0,10200
1055,5,8.0,3,8380,50,16.0,6.58,2023,0,7,3,1,401,60,1,1,128,0,0,1,0,2,1,51800
1056,32,4.0,7,5050,13,5.0,6.5,2022,0,28,4,1,270,60,0,0,64,1,0,1,1,2,1,10000
1057,52,6.0,3,5000,48,16.0,6.5,2021,0,12,3,1,405,90,1,1,128,1,0,1,1,2,1,15500
1058,42,6.0,3,5000,48,8.0,6.6,2021,0,12,3,1,266,90,0,0,64,1,0,1,1,2,1,12000
1059,1,6.0,0,3687,12,12.0,6.7,2020,2,5,1,2,457,60,1,0,512,0,0,1,0,2,0,123300
1060,52,6.0,4,4300,64,16.0,6.6,2020,0,8,0,1,399,90,1,1,128,1,0,1,1,2,1,19500
1061,32,3.0,3,3000,13,5.0,5.71,2019,0,12,4,1,295,60,0,0,32,1,0,1,1,2,0,6500
1062,42,4.0,3,3500,13,16.0,6.2,2019,0,12,4,1,271,60,0,0,64,1,0,1,1,2,1,14900
1063,12,4.0,4,2915,12,8.0,5.5,2018,0,12,0,2,439,60,1,1,128,0,0,1,0,1,1,19000
1064,42,2.0,3,3050,13,8.0,5.5,2018,0,12,4,1,293,60,0,0,16,1,0,1,1,2,0,7500
1065,11,3.0,3,2400,13,5.0,5.0,2016,0,12,3,1,294,60,0,0,16,1,0,1,1,2,0,6500
1066,53,1.0,4,2200,8,5.0,4.7,2016,0,12,0,1,312,60,0,0,16,1,0,1,1,2,0,9200
1067,28,2.0,4,2400,13,5.0,5.0,2016,0,12,0,1,294,60,0,0,16,1,0,1,1,2,0,15300
1068,13,3.0,4,2150,13,4.0,5.0,2015,0,12,0,0,441,60,0,0,32,1,0,1,1,1,1,30100
1069,21,3.0,7,5000,8,5.0,6.6,2022,0,28,4,1,266,60,1,0,64,1,0,1,1,2,1,7200
1070,46,3.0,3,5000,13,5.0,6.53,2021,0,12,4,1,269,60,0,0,32,1,0,1,1,2,0,7200
1071,1,6.0,0,3095,12,12.0,6.1,2021,2,5,1,2,457,120,1,0,1,0,0,1,0,2,0,145000
1073,42,4.0,3,6000,48,8.0,6.52,2021,0,12,4,1,269,60,0,0,128,1,0,1,1,2,1,10600
1074,43,8.0,3,6600,64,8.0,6.3,2021,0,12,4,1,409,60,1,1,128,1,0,1,1,2,1,48200
1075,38,4.0,3,5000,13,5.0,6.53,2020,0,12,4,1,269,60,0,0,64,1,0,1,1,2,0,11000
1083,5,8.0,3,8380,50,20.0,6.58,2023,0,7,3,1,401,60,1,1,128,0,0,1,0,2,1,47000
1084,5,8.0,3,5000,50,16.0,6.6,2023,0,12,3,1,400,120,1,1,256,1,0,1,0,2,1,39500
1085,43,6.0,3,6600,12,16.0,5.45,2023,0,12,4,1,295,60,1,1,128,1,0,1,0,2,1,35500
1086,17,4.0,8,4000,16,13.0,6.26,2022,0,12,3,1,269,60,0,1,64,1,0,1,1,2,1,6300
1087,44,8.0,3,6150,48,24.0,6.5,2022,0,12,4,1,405,60,1,1,256,1,0,1,1,2,1,32000
1088,17,4.0,8,4000,16,13.0,6.26,2022,0,12,3,1,269,60,0,1,64,1,0,1,1,2,1,7000
1089,17,4.0,8,4000,16,13.0,6.26,2022,0,12,3,1,269,60,0,1,64,1,0,1,1,2,1,8000
1090,5,8.0,3,8380,50,16.0,6.58,2022,0,12,3,1,401,90,1,1,128,0,0,1,0,2,1,39500
1091,3,3.0,8,5000,13,8.0,6.3,2021,0,12,3,1,296,60,0,0,32,1,0,1,1,2,1,6700
1092,3,3.0,8,5000,8,5.0,6.3,2021,0,12,3,1,296,60,0,0,32,1,0,1,1,2,1,6500
1093,43,8.0,3,5200,48,16.0,6.1,2021,0,7,3,1,282,60,1,1,256,1,0,1,1,2,1,47500
1094,17,4.0,8,4000,13,8.0,6.53,2020,0,12,3,1,263,60,0,0,64,1,0,1,1,2,0,7000
1095,46,4.0,4,5020,48,16.0,6.67,2020,0,8,0,1,395,60,1,1,128,1,0,1,1,2,1,18000
1096,38,8.0,4,4500,64,20.0,6.67,2020,0,8,0,1,395,120,1,1,256,1,0,1,1,2,1,18000
1097,8,3.0,3,3000,13,8.0,5.71,2019,0,12,4,1,295,60,0,0,32,1,0,1,1,2,1,6500
1099,45,2.0,6,3000,13,8.0,5.0,2017,0,12,3,1,294,60,0,0,32,1,0,1,1,2,1,7500
1100,39,3.0,3,2500,13,5.0,5.0,2017,0,12,3,1,294,60,0,0,32,1,0,1,1,2,1,12000
1101,39,3.0,3,4000,13,5.0,5.0,2017,0,12,3,1,294,60,0,0,32,1,0,1,1,2,1,12000
1102,34,3.0,3,3000,13,5.0,5.5,2017,0,12,3,1,401,60,0,0,32,1,0,1,1,2,1,11000
1103,22,2.0,3,2800,5,5.0,5.5,2017,0,12,3,1,267,60,0,0,16,1,0,1,1,2,1,6900
1104,25,1.0,3,2600,8,5.0,5.5,2016,0,12,3,1,267,60,0,0,8,1,0,1,1,2,0,6600
1105,25,2.0,6,2500,8,5.0,5.0,2016,0,12,3,1,294,60,0,0,8,1,0,1,1,2,0,8000
1106,20,1.0,3,1800,5,2.0,4.5,2016,0,12,3,3,218,60,0,0,8,1,0,1,1,2,0,6200
1107,29,1.0,3,2000,8,2.0,5.0,2016,0,12,3,1,294,60,0,0,8,1,0,1,1,2,0,8000
1108,13,2.0,4,2600,13,5.0,5.0,2014,0,12,0,1,441,60,0,0,16,1,0,1,1,1,0,27600
1109,14,0.0,8,1200,2,0.0,3.5,2014,0,12,3,1,165,60,0,0,2,1,0,0,1,2,0,6000
1110,29,1.0,3,1800,8,5.0,4.7,2014,0,12,3,1,312,60,0,0,4,1,0,1,1,2,0,15000
1111,43,12.0,3,10850,50,16.0,5.65,2023,0,6,3,1,427,60,1,1,256,1,0,1,0,2,1,42500
1112,9,8.0,3,6000,64,16.0,6.3,2023,0,12,3,1,409,60,1,1,256,1,0,1,0,2,1,44000
1113,17,4.0,8,5000,20,13.0,6.53,2022,0,12,3,1,269,60,0,1,64,1,0,1,1,2,1,6600
1114,17,4.0,8,4000,16,13.0,6.53,2022,0,12,3,1,258,60,0,1,32,1,0,1,1,2,1,6700
1115,17,4.0,8,4000,16,13.0,6.26,2022,0,12,3,1,269,60,0,1,32,1,0,1,1,2,1,6000
1116,29,1.0,3,2000,8,2.0,5.0,2014,0,12,3,1,294,60,0,0,8,1,0,1,1,2,0,11100
1117,13,1.0,4,1800,8,2.0,4.3,2012,1,12,0,1,342,60,0,0,16,0,0,1,1,1,0,26200
1118,0,8.0,3,7000,48,20.0,6.52,2023,0,12,3,1,404,60,1,1,128,1,0,1,1,2,1,43500
1119,46,6.0,3,6000,50,8.0,6.5,2022,0,12,3,1,405,90,1,1,128,1,0,1,1,2,1,19000
1120,17,4.0,8,5000,20,13.0,6.53,2022,0,12,3,1,258,60,0,1,64,1,0,1,1,2,1,7300
1121,17,4.0,8,4000,16,13.0,6.26,2022,0,12,3,1,269,60,0,1,64,1,0,1,1,2,1,6500
1122,40,4.0,5,5000,48,8.0,6.5,2021,0,8,3,1,270,60,1,1,64,1,0,1,1,2,1,14000
1123,40,6.0,5,5000,48,8.0,6.5,2021,0,8,3,1,270,60,1,1,128,1,0,1,1,2,1,18000
1124,17,4.0,8,4000,13,8.0,6.5,2021,0,12,3,1,270,60,0,1,64,1,0,1,1,2,1,6800
1125,40,6.0,5,6000,48,20.0,6.4,2021,0,10,3,0,403,60,1,1,128,1,0,1,1,2,1,14000
1126,17,4.0,8,4000,8,5.0,6.26,2021,0,12,3,1,171,60,0,1,64,1,0,1,1,2,1,7100
1127,40,4.0,5,6000,48,8.0,6.5,2021,0,8,3,1,270,90,1,1,128,1,0,1,1,2,1,12500
1128,25,4.0,3,5000,13,16.0,6.51,2021,0,12,4,1,270,60,0,1,64,1,0,1,1,2,1,9000
1129,17,4.0,8,3000,8,5.0,5.99,2019,0,12,3,3,179,60,0,0,64,1,0,1,1,2,0,6100
1130,8,2.0,3,3000,13,8.0,5.71,2019,0,12,4,1,295,60,0,0,16,1,0,1,1,2,1,7500
1131,46,4.0,4,4000,12,32.0,6.26,2019,0,14,0,1,269,60,0,0,64,1,0,1,1,2,1,12000
1132,22,1.0,8,2800,5,5.0,5.45,2018,0,12,3,1,295,60,0,1,8,1,0,1,1,2,0,9500
1133,48,1.0,6,2150,8,5.0,5.0,2018,0,12,3,3,196,60,0,0,8,1,0,1,1,2,0,7600
1134,7,2.0,3,3050,13,8.0,5.5,2018,0,12,4,1,293,60,0,1,16,1,0,1,1,2,1,8000
1135,49,1.0,8,2800,5,5.0,5.45,2018,0,12,3,1,295,60,0,0,8,1,0,1,1,2,1,13000
1136,17,4.0,8,5000,20,13.0,6.53,2022,0,12,3,1,269,60,0,0,64,1,0,1,1,2,1,6500
1137,51,8.0,4,5000,50,16.0,6.44,2022,0,6,0,0,409,60,1,1,128,1,0,1,1,2,1,17500
1138,37,8.0,3,8300,64,16.0,6.78,2022,0,12,3,1,388,90,1,1,128,1,0,1,1,2,1,38000
1139,29,4.0,3,5000,48,16.0,6.67,2020,0,12,3,1,395,60,1,1,128,1,0,1,1,2,1,11000
1140,11,2.0,7,3000,8,5.0,5.45,2020,0,28,4,1,295,60,0,0,32,1,0,1,1,2,0,7000
1141,3,3.0,8,5000,5,5.0,6.26,2020,0,12,3,1,269,60,0,1,32,1,0,1,1,2,1,6900
1142,53,6.0,3,4500,16,32.0,6.38,2019,0,12,3,0,404,60,1,0,128,1,0,1,1,2,1,17200
1143,40,6.0,5,5000,13,16.0,6.4,2019,0,14,3,0,394,60,1,1,128,1,0,1,1,2,1,15300
1144,39,4.0,3,3000,16,16.0,6.18,2018,0,12,3,1,403,60,0,1,64,1,0,1,0,2,1,25000
1145,48,2.0,8,2650,13,13.0,5.34,2018,0,12,3,1,275,60,0,0,16,1,0,1,1,2,1,7400
1146,22,2.0,3,2900,8,8.0,5.2,2018,0,12,3,1,282,60,0,0,16,1,0,1,1,2,1,9500
1147,6,2.0,3,2050,8,2.0,5.0,2018,0,12,3,1,294,60,0,0,16,1,0,1,1,2,0,6000
1148,23,3.0,3,2600,13,5.0,5.0,2017,0,12,3,1,294,60,0,0,32,1,0,1,1,2,1,7000
1149,47,3.0,3,2500,13,5.0,5.0,2017,0,12,3,1,294,60,0,0,16,1,0,1,1,2,0,7900
1150,7,2.0,3,2700,13,8.0,5.2,2017,0,12,3,1,282,60,0,0,32,1,0,1,1,2,1,8600
1151,7,1.0,3,2200,13,8.0,5.0,2017,0,12,3,1,294,60,0,0,32,1,0,1,1,2,0,6500
1152,22,1.0,3,2800,5,3.0,5.5,2016,0,12,3,1,267,60,0,0,8,1,0,1,1,2,0,6200
1153,13,3.0,3,3000,13,5.0,5.5,2016,0,12,4,1,401,60,1,0,32,1,0,1,1,2,0,14800
1154,29,1.0,3,2500,8,5.0,5.0,2016,0,12,3,1,294,60,0,0,8,1,0,1,1,2,1,9000
1155,39,2.0,3,2000,8,2.0,5.0,2016,0,12,3,1,294,60,0,0,16,1,0,1,1,2,0,10600
1156,39,2.0,3,2200,8,5.0,5.0,2018,0,12,3,1,294,60,0,0,16,1,0,1,1,2,1,7300
1157,25,3.0,3,2750,8,8.0,5.2,2017,0,12,3,1,282,60,0,0,32,1,0,1,1,2,1,7000
1158,30,4.0,4,3000,16,5.0,5.2,2017,0,28,0,1,424,60,1,0,32,1,0,1,1,2,1,14000
1159,50,2.0,3,2300,8,5.0,5.5,2016,0,12,3,1,267,60,0,0,16,1,0,1,1,2,1,6400
1160,25,1.0,6,2350,8,5.0,5.0,2016,0,12,3,1,294,60,0,0,8,1,0,1,1,2,0,7900
1161,29,3.0,3,3000,13,8.0,5.5,2016,0,12,3,1,401,60,0,0,32,1,0,1,1,2,1,15500
1162,22,2.0,3,2600,13,5.0,5.0,2016,0,12,3,1,294,60,0,0,16,1,0,1,1,2,0,8200
1163,22,1.0,3,2000,8,3.0,5.0,2015,0,12,3,1,220,60,0,0,8,1,0,1,1,2,0,8700
1164,25,3.0,3,2900,13,5.0,5.0,2015,0,12,3,1,294,60,0,0,16,1,0,1,1,2,0,14600
1165,29,1.0,3,2820,5,0.0,5.5,2015,0,12,3,1,178,60,0,0,8,1,0,1,1,2,0,6200
1176,48,2.0,6,2000,8,5.0,5.0,2018,0,12,3,3,215,60,0,0,16,1,0,1,1,2,0,6500
1177,39,1.0,3,2200,8,5.0,5.0,2018,0,12,3,1,294,60,0,1,16,1,0,1,1,2,1,6500
1178,7,2.0,3,4000,8,8.0,5.0,2017,0,12,3,1,294,60,0,0,16,1,0,1,1,2,0,6700
1179,21,1.0,8,2400,5,2.0,5.0,2017,0,12,3,3,196,60,0,0,8,1,0,1,1,2,1,7000
1180,13,3.0,3,2800,13,4.0,5.5,2016,0,12,4,1,401,60,1,0,32,1,0,1,1,2,0,20000
1181,25,1.0,6,2200,5,2.0,5.5,2016,0,12,3,1,170,60,0,0,8,1,0,1,1,2,0,7500
1182,14,2.0,3,3500,13,5.0,5.0,2016,0,12,3,1,294,60,0,0,16,1,0,0,1,2,0,7000
1183,2,3.0,4,3000,13,5.0,5.5,2015,0,12,0,1,267,60,0,0,16,1,0,1,1,2,0,9300
1184,50,3.0,3,3000,13,5.0,5.5,2015,0,12,3,1,401,60,0,0,16,1,0,1,1,2,0,6300
1185,25,2.0,3,4000,8,2.0,5.0,2015,0,12,3,1,196,60,0,0,8,1,0,1,1,2,0,8700
1186,39,1.0,3,2910,8,2.0,5.5,2015,0,12,3,1,267,60,0,0,8,1,0,1,1,2,0,8800
1187,25,2.0,3,2500,8,3.0,5.0,2015,0,12,3,1,294,60,0,0,16,1,0,1,1,2,0,10500
1188,14,1.0,8,2000,8,2.0,5.0,2015,0,12,3,1,220,60,0,0,8,1,0,1,1,2,0,9000
1207,22,2.0,6,2000,8,5.0,5.0,2018,0,12,3,1,294,60,0,0,16,1,0,1,1,2,1,9500
1208,7,3.0,3,5000,13,8.0,5.5,2017,0,12,3,1,267,60,0,0,32,1,0,1,1,2,1,10000
1209,50,3.0,3,2680,13,13.0,5.0,2017,0,12,3,1,441,60,0,0,32,1,0,1,1,2,1,6300
1210,22,1.0,8,4000,5,5.0,5.0,2017,0,12,3,1,294,60,0,0,16,1,0,1,1,2,0,6200
1211,27,1.0,6,2000,8,2.0,5.0,2017,0,12,3,1,294,60,0,0,16,1,0,1,1,2,1,6800
1212,25,2.0,8,2500,8,5.0,5.0,2017,0,12,3,1,294,60,0,0,32,1,0,1,1,2,0,7800
1213,49,2.0,6,2900,5,5.0,5.5,2017,0,12,3,3,178,60,0,0,16,1,0,0,1,2,0,6700
1214,8,3.0,3,2500,8,8.0,5.5,2016,0,12,3,1,267,60,0,0,16,1,0,1,1,2,0,6500
1215,50,3.0,3,2500,13,5.0,5.0,2015,0,12,3,1,441,60,0,0,16,1,0,1,1,2,0,6000
